INFO 2026-01-14 20:19:33,511 tasks === Запуск задачи send_habit_reminders ===
INFO 2026-01-14 20:19:33,511 tasks UTC время: 2026-01-14 17:19:33 UTC
INFO 2026-01-14 20:19:33,512 tasks Локальное время (Europe/Moscow): 2026-01-14 20:19:33 MSK
INFO 2026-01-14 20:19:33,512 tasks Текущее время для сравнения: 20:19
INFO 2026-01-14 20:19:33,591 tasks Найдено привычек в базе: 10
DEBUG 2026-01-14 20:19:33,593 tasks Обработка привычки ID=2, action='Читать книгу', time='20:00:00'
WARNING 2026-01-14 20:19:33,596 tasks Ошибка парсинга времени для привычки ID=2, time='20:00:00': unconverted data remains: :00
DEBUG 2026-01-14 20:19:33,597 tasks Обработка привычки ID=3, action='Зарядка утром', time='08:00:00'
WARNING 2026-01-14 20:19:33,597 tasks Ошибка парсинга времени для привычки ID=3, time='08:00:00': unconverted data remains: :00
DEBUG 2026-01-14 20:19:33,597 tasks Обработка привычки ID=6, action='тренажер английского языка', time='21:00:00'
WARNING 2026-01-14 20:19:33,597 tasks Ошибка парсинга времени для привычки ID=6, time='21:00:00': unconverted data remains: :00
DEBUG 2026-01-14 20:19:33,598 tasks Обработка привычки ID=1, action='читать любимую книгу', time='20:00:00'
WARNING 2026-01-14 20:19:33,598 tasks Ошибка парсинга времени для привычки ID=1, time='20:00:00': unconverted data remains: :00
DEBUG 2026-01-14 20:19:33,598 tasks Обработка привычки ID=7, action='уборка дома', time='12:00:00'
WARNING 2026-01-14 20:19:33,598 tasks Ошибка парсинга времени для привычки ID=7, time='12:00:00': unconverted data remains: :00
DEBUG 2026-01-14 20:19:33,598 tasks Обработка привычки ID=8, action='просмотр ленты VK', time='19:00:00'
WARNING 2026-01-14 20:19:33,598 tasks Ошибка парсинга времени для привычки ID=8, time='19:00:00': unconverted data remains: :00
DEBUG 2026-01-14 20:19:33,599 tasks Обработка привычки ID=4, action='Долгий горячий душ', time='23:00:00'
WARNING 2026-01-14 20:19:33,599 tasks Ошибка парсинга времени для привычки ID=4, time='23:00:00': unconverted data remains: :00
DEBUG 2026-01-14 20:19:33,599 tasks Обработка привычки ID=9, action='отжимание 30 раз', time='07:00:00'
WARNING 2026-01-14 20:19:33,599 tasks Ошибка парсинга времени для привычки ID=9, time='07:00:00': unconverted data remains: :00
DEBUG 2026-01-14 20:19:33,599 tasks Обработка привычки ID=5, action='пробежка 2 км', time='19:07'
DEBUG 2026-01-14 20:19:33,600 tasks Привычка ID=5: время парсится как 19:07
DEBUG 2026-01-14 20:19:33,600 tasks Сравнение: habit_time='19:07' vs current_time='20:19'
DEBUG 2026-01-14 20:19:33,600 tasks Время не совпало для привычки ID=5: 19:07 != 20:19
DEBUG 2026-01-14 20:19:33,600 tasks Обработка привычки ID=10, action='Читать', time='17:13:00'
WARNING 2026-01-14 20:19:33,600 tasks Ошибка парсинга времени для привычки ID=10, time='17:13:00': unconverted data remains: :00
INFO 2026-01-14 20:19:33,600 tasks === Завершение задачи send_habit_reminders ===
INFO 2026-01-14 20:19:33,771 tasks === Запуск задачи send_habit_reminders ===
INFO 2026-01-14 20:19:33,771 tasks UTC время: 2026-01-14 17:19:33 UTC
INFO 2026-01-14 20:19:33,771 tasks Локальное время (Europe/Moscow): 2026-01-14 20:19:33 MSK
INFO 2026-01-14 20:19:33,772 tasks Текущее время для сравнения: 20:19
INFO 2026-01-14 20:19:33,858 tasks Найдено привычек в базе: 10
DEBUG 2026-01-14 20:19:33,859 tasks Обработка привычки ID=2, action='Читать книгу', time='20:00:00'
WARNING 2026-01-14 20:19:33,860 tasks Ошибка парсинга времени для привычки ID=2, time='20:00:00': unconverted data remains: :00
DEBUG 2026-01-14 20:19:33,860 tasks Обработка привычки ID=3, action='Зарядка утром', time='08:00:00'
WARNING 2026-01-14 20:19:33,860 tasks Ошибка парсинга времени для привычки ID=3, time='08:00:00': unconverted data remains: :00
DEBUG 2026-01-14 20:19:33,860 tasks Обработка привычки ID=6, action='тренажер английского языка', time='21:00:00'
WARNING 2026-01-14 20:19:33,860 tasks Ошибка парсинга времени для привычки ID=6, time='21:00:00': unconverted data remains: :00
DEBUG 2026-01-14 20:19:33,860 tasks Обработка привычки ID=1, action='читать любимую книгу', time='20:00:00'
WARNING 2026-01-14 20:19:33,861 tasks Ошибка парсинга времени для привычки ID=1, time='20:00:00': unconverted data remains: :00
DEBUG 2026-01-14 20:19:33,861 tasks Обработка привычки ID=7, action='уборка дома', time='12:00:00'
WARNING 2026-01-14 20:19:33,861 tasks Ошибка парсинга времени для привычки ID=7, time='12:00:00': unconverted data remains: :00
DEBUG 2026-01-14 20:19:33,861 tasks Обработка привычки ID=8, action='просмотр ленты VK', time='19:00:00'
WARNING 2026-01-14 20:19:33,862 tasks Ошибка парсинга времени для привычки ID=8, time='19:00:00': unconverted data remains: :00
DEBUG 2026-01-14 20:19:33,862 tasks Обработка привычки ID=4, action='Долгий горячий душ', time='23:00:00'
WARNING 2026-01-14 20:19:33,862 tasks Ошибка парсинга времени для привычки ID=4, time='23:00:00': unconverted data remains: :00
DEBUG 2026-01-14 20:19:33,862 tasks Обработка привычки ID=9, action='отжимание 30 раз', time='07:00:00'
WARNING 2026-01-14 20:19:33,863 tasks Ошибка парсинга времени для привычки ID=9, time='07:00:00': unconverted data remains: :00
DEBUG 2026-01-14 20:19:33,863 tasks Обработка привычки ID=5, action='пробежка 2 км', time='19:07'
DEBUG 2026-01-14 20:19:33,863 tasks Привычка ID=5: время парсится как 19:07
DEBUG 2026-01-14 20:19:33,864 tasks Сравнение: habit_time='19:07' vs current_time='20:19'
DEBUG 2026-01-14 20:19:33,864 tasks Время не совпало для привычки ID=5: 19:07 != 20:19
DEBUG 2026-01-14 20:19:33,864 tasks Обработка привычки ID=10, action='Читать', time='17:13:00'
WARNING 2026-01-14 20:19:33,865 tasks Ошибка парсинга времени для привычки ID=10, time='17:13:00': unconverted data remains: :00
INFO 2026-01-14 20:19:33,865 tasks === Завершение задачи send_habit_reminders ===
INFO 2026-01-14 20:20:33,547 tasks === Запуск задачи send_habit_reminders ===
INFO 2026-01-14 20:20:33,548 tasks UTC время: 2026-01-14 17:20:33 UTC
INFO 2026-01-14 20:20:33,548 tasks Локальное время (Europe/Moscow): 2026-01-14 20:20:33 MSK
INFO 2026-01-14 20:20:33,548 tasks Текущее время для сравнения: 20:20
INFO 2026-01-14 20:20:33,639 tasks Найдено привычек в базе: 11
DEBUG 2026-01-14 20:20:33,640 tasks Обработка привычки ID=2, action='Читать книгу', time='20:00:00'
WARNING 2026-01-14 20:20:33,641 tasks Ошибка парсинга времени для привычки ID=2, time='20:00:00': unconverted data remains: :00
DEBUG 2026-01-14 20:20:33,641 tasks Обработка привычки ID=3, action='Зарядка утром', time='08:00:00'
WARNING 2026-01-14 20:20:33,641 tasks Ошибка парсинга времени для привычки ID=3, time='08:00:00': unconverted data remains: :00
DEBUG 2026-01-14 20:20:33,642 tasks Обработка привычки ID=6, action='тренажер английского языка', time='21:00:00'
WARNING 2026-01-14 20:20:33,642 tasks Ошибка парсинга времени для привычки ID=6, time='21:00:00': unconverted data remains: :00
DEBUG 2026-01-14 20:20:33,642 tasks Обработка привычки ID=1, action='читать любимую книгу', time='20:00:00'
WARNING 2026-01-14 20:20:33,642 tasks Ошибка парсинга времени для привычки ID=1, time='20:00:00': unconverted data remains: :00
DEBUG 2026-01-14 20:20:33,643 tasks Обработка привычки ID=7, action='уборка дома', time='12:00:00'
WARNING 2026-01-14 20:20:33,643 tasks Ошибка парсинга времени для привычки ID=7, time='12:00:00': unconverted data remains: :00
DEBUG 2026-01-14 20:20:33,643 tasks Обработка привычки ID=8, action='просмотр ленты VK', time='19:00:00'
WARNING 2026-01-14 20:20:33,643 tasks Ошибка парсинга времени для привычки ID=8, time='19:00:00': unconverted data remains: :00
DEBUG 2026-01-14 20:20:33,643 tasks Обработка привычки ID=4, action='Долгий горячий душ', time='23:00:00'
WARNING 2026-01-14 20:20:33,644 tasks Ошибка парсинга времени для привычки ID=4, time='23:00:00': unconverted data remains: :00
DEBUG 2026-01-14 20:20:33,644 tasks Обработка привычки ID=9, action='отжимание 30 раз', time='07:00:00'
WARNING 2026-01-14 20:20:33,644 tasks Ошибка парсинга времени для привычки ID=9, time='07:00:00': unconverted data remains: :00
DEBUG 2026-01-14 20:20:33,644 tasks Обработка привычки ID=5, action='пробежка 2 км', time='19:07'
DEBUG 2026-01-14 20:20:33,645 tasks Привычка ID=5: время парсится как 19:07
DEBUG 2026-01-14 20:20:33,645 tasks Сравнение: habit_time='19:07' vs current_time='20:20'
DEBUG 2026-01-14 20:20:33,645 tasks Время не совпало для привычки ID=5: 19:07 != 20:20
DEBUG 2026-01-14 20:20:33,646 tasks Обработка привычки ID=10, action='Читать', time='17:13:00'
WARNING 2026-01-14 20:20:33,646 tasks Ошибка парсинга времени для привычки ID=10, time='17:13:00': unconverted data remains: :00
DEBUG 2026-01-14 20:20:33,646 tasks Обработка привычки ID=11, action='Читать', time='17:20:00'
WARNING 2026-01-14 20:20:33,647 tasks Ошибка парсинга времени для привычки ID=11, time='17:20:00': unconverted data remains: :00
INFO 2026-01-14 20:20:33,647 tasks === Завершение задачи send_habit_reminders ===
INFO 2026-01-14 20:20:33,841 tasks === Запуск задачи send_habit_reminders ===
INFO 2026-01-14 20:20:33,841 tasks UTC время: 2026-01-14 17:20:33 UTC
INFO 2026-01-14 20:20:33,842 tasks Локальное время (Europe/Moscow): 2026-01-14 20:20:33 MSK
INFO 2026-01-14 20:20:33,842 tasks Текущее время для сравнения: 20:20
INFO 2026-01-14 20:20:33,920 tasks Найдено привычек в базе: 11
DEBUG 2026-01-14 20:20:33,921 tasks Обработка привычки ID=2, action='Читать книгу', time='20:00:00'
WARNING 2026-01-14 20:20:33,921 tasks Ошибка парсинга времени для привычки ID=2, time='20:00:00': unconverted data remains: :00
DEBUG 2026-01-14 20:20:33,921 tasks Обработка привычки ID=3, action='Зарядка утром', time='08:00:00'
WARNING 2026-01-14 20:20:33,922 tasks Ошибка парсинга времени для привычки ID=3, time='08:00:00': unconverted data remains: :00
DEBUG 2026-01-14 20:20:33,922 tasks Обработка привычки ID=6, action='тренажер английского языка', time='21:00:00'
WARNING 2026-01-14 20:20:33,922 tasks Ошибка парсинга времени для привычки ID=6, time='21:00:00': unconverted data remains: :00
DEBUG 2026-01-14 20:20:33,922 tasks Обработка привычки ID=1, action='читать любимую книгу', time='20:00:00'
WARNING 2026-01-14 20:20:33,923 tasks Ошибка парсинга времени для привычки ID=1, time='20:00:00': unconverted data remains: :00
DEBUG 2026-01-14 20:20:33,923 tasks Обработка привычки ID=7, action='уборка дома', time='12:00:00'
WARNING 2026-01-14 20:20:33,923 tasks Ошибка парсинга времени для привычки ID=7, time='12:00:00': unconverted data remains: :00
DEBUG 2026-01-14 20:20:33,923 tasks Обработка привычки ID=8, action='просмотр ленты VK', time='19:00:00'
WARNING 2026-01-14 20:20:33,924 tasks Ошибка парсинга времени для привычки ID=8, time='19:00:00': unconverted data remains: :00
DEBUG 2026-01-14 20:20:33,924 tasks Обработка привычки ID=4, action='Долгий горячий душ', time='23:00:00'
WARNING 2026-01-14 20:20:33,924 tasks Ошибка парсинга времени для привычки ID=4, time='23:00:00': unconverted data remains: :00
DEBUG 2026-01-14 20:20:33,924 tasks Обработка привычки ID=9, action='отжимание 30 раз', time='07:00:00'
WARNING 2026-01-14 20:20:33,925 tasks Ошибка парсинга времени для привычки ID=9, time='07:00:00': unconverted data remains: :00
DEBUG 2026-01-14 20:20:33,925 tasks Обработка привычки ID=5, action='пробежка 2 км', time='19:07'
DEBUG 2026-01-14 20:20:33,925 tasks Привычка ID=5: время парсится как 19:07
DEBUG 2026-01-14 20:20:33,926 tasks Сравнение: habit_time='19:07' vs current_time='20:20'
DEBUG 2026-01-14 20:20:33,926 tasks Время не совпало для привычки ID=5: 19:07 != 20:20
DEBUG 2026-01-14 20:20:33,926 tasks Обработка привычки ID=10, action='Читать', time='17:13:00'
WARNING 2026-01-14 20:20:33,927 tasks Ошибка парсинга времени для привычки ID=10, time='17:13:00': unconverted data remains: :00
DEBUG 2026-01-14 20:20:33,927 tasks Обработка привычки ID=11, action='Читать', time='17:20:00'
WARNING 2026-01-14 20:20:33,928 tasks Ошибка парсинга времени для привычки ID=11, time='17:20:00': unconverted data remains: :00
INFO 2026-01-14 20:20:33,928 tasks === Завершение задачи send_habit_reminders ===
INFO 2026-01-14 20:21:33,603 tasks === Запуск задачи send_habit_reminders ===
INFO 2026-01-14 20:21:33,603 tasks UTC время: 2026-01-14 17:21:33 UTC
INFO 2026-01-14 20:21:33,604 tasks Локальное время (Europe/Moscow): 2026-01-14 20:21:33 MSK
INFO 2026-01-14 20:21:33,604 tasks Текущее время для сравнения: 20:21
INFO 2026-01-14 20:21:33,691 tasks Найдено привычек в базе: 13
DEBUG 2026-01-14 20:21:33,692 tasks Обработка привычки ID=2, action='Читать книгу', time='20:00:00'
WARNING 2026-01-14 20:21:33,693 tasks Ошибка парсинга времени для привычки ID=2, time='20:00:00': unconverted data remains: :00
DEBUG 2026-01-14 20:21:33,693 tasks Обработка привычки ID=3, action='Зарядка утром', time='08:00:00'
WARNING 2026-01-14 20:21:33,693 tasks Ошибка парсинга времени для привычки ID=3, time='08:00:00': unconverted data remains: :00
DEBUG 2026-01-14 20:21:33,693 tasks Обработка привычки ID=6, action='тренажер английского языка', time='21:00:00'
WARNING 2026-01-14 20:21:33,694 tasks Ошибка парсинга времени для привычки ID=6, time='21:00:00': unconverted data remains: :00
DEBUG 2026-01-14 20:21:33,694 tasks Обработка привычки ID=1, action='читать любимую книгу', time='20:00:00'
WARNING 2026-01-14 20:21:33,694 tasks Ошибка парсинга времени для привычки ID=1, time='20:00:00': unconverted data remains: :00
DEBUG 2026-01-14 20:21:33,694 tasks Обработка привычки ID=7, action='уборка дома', time='12:00:00'
WARNING 2026-01-14 20:21:33,694 tasks Ошибка парсинга времени для привычки ID=7, time='12:00:00': unconverted data remains: :00
DEBUG 2026-01-14 20:21:33,694 tasks Обработка привычки ID=8, action='просмотр ленты VK', time='19:00:00'
WARNING 2026-01-14 20:21:33,695 tasks Ошибка парсинга времени для привычки ID=8, time='19:00:00': unconverted data remains: :00
DEBUG 2026-01-14 20:21:33,695 tasks Обработка привычки ID=4, action='Долгий горячий душ', time='23:00:00'
WARNING 2026-01-14 20:21:33,695 tasks Ошибка парсинга времени для привычки ID=4, time='23:00:00': unconverted data remains: :00
DEBUG 2026-01-14 20:21:33,695 tasks Обработка привычки ID=9, action='отжимание 30 раз', time='07:00:00'
WARNING 2026-01-14 20:21:33,695 tasks Ошибка парсинга времени для привычки ID=9, time='07:00:00': unconverted data remains: :00
DEBUG 2026-01-14 20:21:33,696 tasks Обработка привычки ID=5, action='пробежка 2 км', time='19:07'
DEBUG 2026-01-14 20:21:33,696 tasks Привычка ID=5: время парсится как 19:07
DEBUG 2026-01-14 20:21:33,696 tasks Сравнение: habit_time='19:07' vs current_time='20:21'
DEBUG 2026-01-14 20:21:33,697 tasks Время не совпало для привычки ID=5: 19:07 != 20:21
DEBUG 2026-01-14 20:21:33,697 tasks Обработка привычки ID=10, action='Читать', time='17:13:00'
WARNING 2026-01-14 20:21:33,697 tasks Ошибка парсинга времени для привычки ID=10, time='17:13:00': unconverted data remains: :00
DEBUG 2026-01-14 20:21:33,697 tasks Обработка привычки ID=11, action='Читать', time='17:20:00'
WARNING 2026-01-14 20:21:33,697 tasks Ошибка парсинга времени для привычки ID=11, time='17:20:00': unconverted data remains: :00
DEBUG 2026-01-14 20:21:33,697 tasks Обработка привычки ID=12, action='Читать 2', time='20:22:00'
WARNING 2026-01-14 20:21:33,698 tasks Ошибка парсинга времени для привычки ID=12, time='20:22:00': unconverted data remains: :00
DEBUG 2026-01-14 20:21:33,698 tasks Обработка привычки ID=13, action='Читать 3', time='17:22:00'
WARNING 2026-01-14 20:21:33,699 tasks Ошибка парсинга времени для привычки ID=13, time='17:22:00': unconverted data remains: :00
INFO 2026-01-14 20:21:33,699 tasks === Завершение задачи send_habit_reminders ===
INFO 2026-01-14 20:21:33,898 tasks === Запуск задачи send_habit_reminders ===
INFO 2026-01-14 20:21:33,898 tasks UTC время: 2026-01-14 17:21:33 UTC
INFO 2026-01-14 20:21:33,899 tasks Локальное время (Europe/Moscow): 2026-01-14 20:21:33 MSK
INFO 2026-01-14 20:21:33,899 tasks Текущее время для сравнения: 20:21
INFO 2026-01-14 20:21:33,991 tasks Найдено привычек в базе: 13
DEBUG 2026-01-14 20:21:33,993 tasks Обработка привычки ID=2, action='Читать книгу', time='20:00:00'
WARNING 2026-01-14 20:21:33,993 tasks Ошибка парсинга времени для привычки ID=2, time='20:00:00': unconverted data remains: :00
DEBUG 2026-01-14 20:21:33,993 tasks Обработка привычки ID=3, action='Зарядка утром', time='08:00:00'
WARNING 2026-01-14 20:21:33,994 tasks Ошибка парсинга времени для привычки ID=3, time='08:00:00': unconverted data remains: :00
DEBUG 2026-01-14 20:21:33,995 tasks Обработка привычки ID=6, action='тренажер английского языка', time='21:00:00'
WARNING 2026-01-14 20:21:33,995 tasks Ошибка парсинга времени для привычки ID=6, time='21:00:00': unconverted data remains: :00
DEBUG 2026-01-14 20:21:33,995 tasks Обработка привычки ID=1, action='читать любимую книгу', time='20:00:00'
WARNING 2026-01-14 20:21:33,995 tasks Ошибка парсинга времени для привычки ID=1, time='20:00:00': unconverted data remains: :00
DEBUG 2026-01-14 20:21:33,996 tasks Обработка привычки ID=7, action='уборка дома', time='12:00:00'
WARNING 2026-01-14 20:21:33,996 tasks Ошибка парсинга времени для привычки ID=7, time='12:00:00': unconverted data remains: :00
DEBUG 2026-01-14 20:21:33,996 tasks Обработка привычки ID=8, action='просмотр ленты VK', time='19:00:00'
WARNING 2026-01-14 20:21:33,996 tasks Ошибка парсинга времени для привычки ID=8, time='19:00:00': unconverted data remains: :00
DEBUG 2026-01-14 20:21:33,997 tasks Обработка привычки ID=4, action='Долгий горячий душ', time='23:00:00'
WARNING 2026-01-14 20:21:33,997 tasks Ошибка парсинга времени для привычки ID=4, time='23:00:00': unconverted data remains: :00
DEBUG 2026-01-14 20:21:33,997 tasks Обработка привычки ID=9, action='отжимание 30 раз', time='07:00:00'
WARNING 2026-01-14 20:21:33,998 tasks Ошибка парсинга времени для привычки ID=9, time='07:00:00': unconverted data remains: :00
DEBUG 2026-01-14 20:21:33,998 tasks Обработка привычки ID=5, action='пробежка 2 км', time='19:07'
DEBUG 2026-01-14 20:21:33,999 tasks Привычка ID=5: время парсится как 19:07
DEBUG 2026-01-14 20:21:34,000 tasks Сравнение: habit_time='19:07' vs current_time='20:21'
DEBUG 2026-01-14 20:21:34,000 tasks Время не совпало для привычки ID=5: 19:07 != 20:21
DEBUG 2026-01-14 20:21:34,001 tasks Обработка привычки ID=10, action='Читать', time='17:13:00'
WARNING 2026-01-14 20:21:34,001 tasks Ошибка парсинга времени для привычки ID=10, time='17:13:00': unconverted data remains: :00
DEBUG 2026-01-14 20:21:34,002 tasks Обработка привычки ID=11, action='Читать', time='17:20:00'
WARNING 2026-01-14 20:21:34,002 tasks Ошибка парсинга времени для привычки ID=11, time='17:20:00': unconverted data remains: :00
DEBUG 2026-01-14 20:21:34,003 tasks Обработка привычки ID=12, action='Читать 2', time='20:22:00'
WARNING 2026-01-14 20:21:34,003 tasks Ошибка парсинга времени для привычки ID=12, time='20:22:00': unconverted data remains: :00
DEBUG 2026-01-14 20:21:34,004 tasks Обработка привычки ID=13, action='Читать 3', time='17:22:00'
WARNING 2026-01-14 20:21:34,004 tasks Ошибка парсинга времени для привычки ID=13, time='17:22:00': unconverted data remains: :00
INFO 2026-01-14 20:21:34,004 tasks === Завершение задачи send_habit_reminders ===
INFO 2026-01-14 20:22:33,677 tasks === Запуск задачи send_habit_reminders ===
INFO 2026-01-14 20:22:33,677 tasks UTC время: 2026-01-14 17:22:33 UTC
INFO 2026-01-14 20:22:33,678 tasks Локальное время (Europe/Moscow): 2026-01-14 20:22:33 MSK
INFO 2026-01-14 20:22:33,678 tasks Текущее время для сравнения: 20:22
INFO 2026-01-14 20:22:33,776 tasks Найдено привычек в базе: 13
DEBUG 2026-01-14 20:22:33,777 tasks Обработка привычки ID=2, action='Читать книгу', time='20:00:00'
WARNING 2026-01-14 20:22:33,778 tasks Ошибка парсинга времени для привычки ID=2, time='20:00:00': unconverted data remains: :00
DEBUG 2026-01-14 20:22:33,778 tasks Обработка привычки ID=3, action='Зарядка утром', time='08:00:00'
WARNING 2026-01-14 20:22:33,778 tasks Ошибка парсинга времени для привычки ID=3, time='08:00:00': unconverted data remains: :00
DEBUG 2026-01-14 20:22:33,778 tasks Обработка привычки ID=6, action='тренажер английского языка', time='21:00:00'
WARNING 2026-01-14 20:22:33,779 tasks Ошибка парсинга времени для привычки ID=6, time='21:00:00': unconverted data remains: :00
DEBUG 2026-01-14 20:22:33,779 tasks Обработка привычки ID=1, action='читать любимую книгу', time='20:00:00'
WARNING 2026-01-14 20:22:33,779 tasks Ошибка парсинга времени для привычки ID=1, time='20:00:00': unconverted data remains: :00
DEBUG 2026-01-14 20:22:33,779 tasks Обработка привычки ID=7, action='уборка дома', time='12:00:00'
WARNING 2026-01-14 20:22:33,780 tasks Ошибка парсинга времени для привычки ID=7, time='12:00:00': unconverted data remains: :00
DEBUG 2026-01-14 20:22:33,780 tasks Обработка привычки ID=8, action='просмотр ленты VK', time='19:00:00'
WARNING 2026-01-14 20:22:33,780 tasks Ошибка парсинга времени для привычки ID=8, time='19:00:00': unconverted data remains: :00
DEBUG 2026-01-14 20:22:33,781 tasks Обработка привычки ID=4, action='Долгий горячий душ', time='23:00:00'
WARNING 2026-01-14 20:22:33,781 tasks Ошибка парсинга времени для привычки ID=4, time='23:00:00': unconverted data remains: :00
DEBUG 2026-01-14 20:22:33,781 tasks Обработка привычки ID=9, action='отжимание 30 раз', time='07:00:00'
WARNING 2026-01-14 20:22:33,781 tasks Ошибка парсинга времени для привычки ID=9, time='07:00:00': unconverted data remains: :00
DEBUG 2026-01-14 20:22:33,782 tasks Обработка привычки ID=5, action='пробежка 2 км', time='19:07'
DEBUG 2026-01-14 20:22:33,782 tasks Привычка ID=5: время парсится как 19:07
DEBUG 2026-01-14 20:22:33,782 tasks Сравнение: habit_time='19:07' vs current_time='20:22'
DEBUG 2026-01-14 20:22:33,782 tasks Время не совпало для привычки ID=5: 19:07 != 20:22
DEBUG 2026-01-14 20:22:33,782 tasks Обработка привычки ID=10, action='Читать', time='17:13:00'
WARNING 2026-01-14 20:22:33,783 tasks Ошибка парсинга времени для привычки ID=10, time='17:13:00': unconverted data remains: :00
DEBUG 2026-01-14 20:22:33,783 tasks Обработка привычки ID=11, action='Читать', time='17:20:00'
WARNING 2026-01-14 20:22:33,783 tasks Ошибка парсинга времени для привычки ID=11, time='17:20:00': unconverted data remains: :00
DEBUG 2026-01-14 20:22:33,784 tasks Обработка привычки ID=12, action='Читать 2', time='20:22:00'
WARNING 2026-01-14 20:22:33,784 tasks Ошибка парсинга времени для привычки ID=12, time='20:22:00': unconverted data remains: :00
DEBUG 2026-01-14 20:22:33,784 tasks Обработка привычки ID=13, action='Читать 3', time='17:22:00'
WARNING 2026-01-14 20:22:33,785 tasks Ошибка парсинга времени для привычки ID=13, time='17:22:00': unconverted data remains: :00
INFO 2026-01-14 20:22:33,785 tasks === Завершение задачи send_habit_reminders ===
INFO 2026-01-14 20:22:34,107 tasks === Запуск задачи send_habit_reminders ===
INFO 2026-01-14 20:22:34,107 tasks UTC время: 2026-01-14 17:22:34 UTC
INFO 2026-01-14 20:22:34,108 tasks Локальное время (Europe/Moscow): 2026-01-14 20:22:34 MSK
INFO 2026-01-14 20:22:34,108 tasks Текущее время для сравнения: 20:22
INFO 2026-01-14 20:22:34,188 tasks Найдено привычек в базе: 13
DEBUG 2026-01-14 20:22:34,189 tasks Обработка привычки ID=2, action='Читать книгу', time='20:00:00'
WARNING 2026-01-14 20:22:34,189 tasks Ошибка парсинга времени для привычки ID=2, time='20:00:00': unconverted data remains: :00
DEBUG 2026-01-14 20:22:34,190 tasks Обработка привычки ID=3, action='Зарядка утром', time='08:00:00'
WARNING 2026-01-14 20:22:34,190 tasks Ошибка парсинга времени для привычки ID=3, time='08:00:00': unconverted data remains: :00
DEBUG 2026-01-14 20:22:34,190 tasks Обработка привычки ID=6, action='тренажер английского языка', time='21:00:00'
WARNING 2026-01-14 20:22:34,191 tasks Ошибка парсинга времени для привычки ID=6, time='21:00:00': unconverted data remains: :00
DEBUG 2026-01-14 20:22:34,191 tasks Обработка привычки ID=1, action='читать любимую книгу', time='20:00:00'
WARNING 2026-01-14 20:22:34,191 tasks Ошибка парсинга времени для привычки ID=1, time='20:00:00': unconverted data remains: :00
DEBUG 2026-01-14 20:22:34,191 tasks Обработка привычки ID=7, action='уборка дома', time='12:00:00'
WARNING 2026-01-14 20:22:34,191 tasks Ошибка парсинга времени для привычки ID=7, time='12:00:00': unconverted data remains: :00
DEBUG 2026-01-14 20:22:34,192 tasks Обработка привычки ID=8, action='просмотр ленты VK', time='19:00:00'
WARNING 2026-01-14 20:22:34,192 tasks Ошибка парсинга времени для привычки ID=8, time='19:00:00': unconverted data remains: :00
DEBUG 2026-01-14 20:22:34,192 tasks Обработка привычки ID=4, action='Долгий горячий душ', time='23:00:00'
WARNING 2026-01-14 20:22:34,192 tasks Ошибка парсинга времени для привычки ID=4, time='23:00:00': unconverted data remains: :00
DEBUG 2026-01-14 20:22:34,193 tasks Обработка привычки ID=9, action='отжимание 30 раз', time='07:00:00'
WARNING 2026-01-14 20:22:34,193 tasks Ошибка парсинга времени для привычки ID=9, time='07:00:00': unconverted data remains: :00
DEBUG 2026-01-14 20:22:34,193 tasks Обработка привычки ID=5, action='пробежка 2 км', time='19:07'
DEBUG 2026-01-14 20:22:34,194 tasks Привычка ID=5: время парсится как 19:07
DEBUG 2026-01-14 20:22:34,194 tasks Сравнение: habit_time='19:07' vs current_time='20:22'
DEBUG 2026-01-14 20:22:34,195 tasks Время не совпало для привычки ID=5: 19:07 != 20:22
DEBUG 2026-01-14 20:22:34,195 tasks Обработка привычки ID=10, action='Читать', time='17:13:00'
WARNING 2026-01-14 20:22:34,195 tasks Ошибка парсинга времени для привычки ID=10, time='17:13:00': unconverted data remains: :00
DEBUG 2026-01-14 20:22:34,196 tasks Обработка привычки ID=11, action='Читать', time='17:20:00'
WARNING 2026-01-14 20:22:34,196 tasks Ошибка парсинга времени для привычки ID=11, time='17:20:00': unconverted data remains: :00
DEBUG 2026-01-14 20:22:34,196 tasks Обработка привычки ID=12, action='Читать 2', time='20:22:00'
WARNING 2026-01-14 20:22:34,197 tasks Ошибка парсинга времени для привычки ID=12, time='20:22:00': unconverted data remains: :00
DEBUG 2026-01-14 20:22:34,197 tasks Обработка привычки ID=13, action='Читать 3', time='17:22:00'
WARNING 2026-01-14 20:22:34,197 tasks Ошибка парсинга времени для привычки ID=13, time='17:22:00': unconverted data remains: :00
INFO 2026-01-14 20:22:34,198 tasks === Завершение задачи send_habit_reminders ===
INFO 2026-01-14 20:23:33,840 tasks === Запуск задачи send_habit_reminders ===
INFO 2026-01-14 20:23:33,840 tasks UTC время: 2026-01-14 17:23:33 UTC
INFO 2026-01-14 20:23:33,841 tasks Локальное время (Europe/Moscow): 2026-01-14 20:23:33 MSK
INFO 2026-01-14 20:23:33,841 tasks Текущее время для сравнения: 20:23
INFO 2026-01-14 20:23:33,924 tasks Найдено привычек в базе: 13
DEBUG 2026-01-14 20:23:33,925 tasks Обработка привычки ID=2, action='Читать книгу', time='20:00:00'
WARNING 2026-01-14 20:23:33,926 tasks Ошибка парсинга времени для привычки ID=2, time='20:00:00': unconverted data remains: :00
DEBUG 2026-01-14 20:23:33,926 tasks Обработка привычки ID=3, action='Зарядка утром', time='08:00:00'
WARNING 2026-01-14 20:23:33,926 tasks Ошибка парсинга времени для привычки ID=3, time='08:00:00': unconverted data remains: :00
DEBUG 2026-01-14 20:23:33,927 tasks Обработка привычки ID=6, action='тренажер английского языка', time='21:00:00'
WARNING 2026-01-14 20:23:33,927 tasks Ошибка парсинга времени для привычки ID=6, time='21:00:00': unconverted data remains: :00
DEBUG 2026-01-14 20:23:33,927 tasks Обработка привычки ID=1, action='читать любимую книгу', time='20:00:00'
WARNING 2026-01-14 20:23:33,927 tasks Ошибка парсинга времени для привычки ID=1, time='20:00:00': unconverted data remains: :00
DEBUG 2026-01-14 20:23:33,928 tasks Обработка привычки ID=7, action='уборка дома', time='12:00:00'
WARNING 2026-01-14 20:23:33,928 tasks Ошибка парсинга времени для привычки ID=7, time='12:00:00': unconverted data remains: :00
DEBUG 2026-01-14 20:23:33,928 tasks Обработка привычки ID=8, action='просмотр ленты VK', time='19:00:00'
WARNING 2026-01-14 20:23:33,928 tasks Ошибка парсинга времени для привычки ID=8, time='19:00:00': unconverted data remains: :00
DEBUG 2026-01-14 20:23:33,928 tasks Обработка привычки ID=4, action='Долгий горячий душ', time='23:00:00'
WARNING 2026-01-14 20:23:33,928 tasks Ошибка парсинга времени для привычки ID=4, time='23:00:00': unconverted data remains: :00
DEBUG 2026-01-14 20:23:33,929 tasks Обработка привычки ID=9, action='отжимание 30 раз', time='07:00:00'
WARNING 2026-01-14 20:23:33,929 tasks Ошибка парсинга времени для привычки ID=9, time='07:00:00': unconverted data remains: :00
DEBUG 2026-01-14 20:23:33,929 tasks Обработка привычки ID=5, action='пробежка 2 км', time='19:07'
DEBUG 2026-01-14 20:23:33,929 tasks Привычка ID=5: время парсится как 19:07
DEBUG 2026-01-14 20:23:33,930 tasks Сравнение: habit_time='19:07' vs current_time='20:23'
DEBUG 2026-01-14 20:23:33,930 tasks Время не совпало для привычки ID=5: 19:07 != 20:23
DEBUG 2026-01-14 20:23:33,930 tasks Обработка привычки ID=10, action='Читать', time='17:13:00'
WARNING 2026-01-14 20:23:33,930 tasks Ошибка парсинга времени для привычки ID=10, time='17:13:00': unconverted data remains: :00
DEBUG 2026-01-14 20:23:33,930 tasks Обработка привычки ID=11, action='Читать', time='17:20:00'
WARNING 2026-01-14 20:23:33,931 tasks Ошибка парсинга времени для привычки ID=11, time='17:20:00': unconverted data remains: :00
DEBUG 2026-01-14 20:23:33,931 tasks Обработка привычки ID=12, action='Читать 2', time='20:22:00'
WARNING 2026-01-14 20:23:33,931 tasks Ошибка парсинга времени для привычки ID=12, time='20:22:00': unconverted data remains: :00
DEBUG 2026-01-14 20:23:33,931 tasks Обработка привычки ID=13, action='Читать 3', time='17:22:00'
WARNING 2026-01-14 20:23:33,931 tasks Ошибка парсинга времени для привычки ID=13, time='17:22:00': unconverted data remains: :00
INFO 2026-01-14 20:23:33,932 tasks === Завершение задачи send_habit_reminders ===
INFO 2026-01-14 20:23:34,185 tasks === Запуск задачи send_habit_reminders ===
INFO 2026-01-14 20:23:34,185 tasks UTC время: 2026-01-14 17:23:34 UTC
INFO 2026-01-14 20:23:34,186 tasks Локальное время (Europe/Moscow): 2026-01-14 20:23:34 MSK
INFO 2026-01-14 20:23:34,186 tasks Текущее время для сравнения: 20:23
INFO 2026-01-14 20:23:34,267 tasks Найдено привычек в базе: 13
DEBUG 2026-01-14 20:23:34,268 tasks Обработка привычки ID=2, action='Читать книгу', time='20:00:00'
WARNING 2026-01-14 20:23:34,269 tasks Ошибка парсинга времени для привычки ID=2, time='20:00:00': unconverted data remains: :00
DEBUG 2026-01-14 20:23:34,269 tasks Обработка привычки ID=3, action='Зарядка утром', time='08:00:00'
WARNING 2026-01-14 20:23:34,269 tasks Ошибка парсинга времени для привычки ID=3, time='08:00:00': unconverted data remains: :00
DEBUG 2026-01-14 20:23:34,269 tasks Обработка привычки ID=6, action='тренажер английского языка', time='21:00:00'
WARNING 2026-01-14 20:23:34,270 tasks Ошибка парсинга времени для привычки ID=6, time='21:00:00': unconverted data remains: :00
DEBUG 2026-01-14 20:23:34,270 tasks Обработка привычки ID=1, action='читать любимую книгу', time='20:00:00'
WARNING 2026-01-14 20:23:34,270 tasks Ошибка парсинга времени для привычки ID=1, time='20:00:00': unconverted data remains: :00
DEBUG 2026-01-14 20:23:34,270 tasks Обработка привычки ID=7, action='уборка дома', time='12:00:00'
WARNING 2026-01-14 20:23:34,270 tasks Ошибка парсинга времени для привычки ID=7, time='12:00:00': unconverted data remains: :00
DEBUG 2026-01-14 20:23:34,271 tasks Обработка привычки ID=8, action='просмотр ленты VK', time='19:00:00'
WARNING 2026-01-14 20:23:34,271 tasks Ошибка парсинга времени для привычки ID=8, time='19:00:00': unconverted data remains: :00
DEBUG 2026-01-14 20:23:34,271 tasks Обработка привычки ID=4, action='Долгий горячий душ', time='23:00:00'
WARNING 2026-01-14 20:23:34,271 tasks Ошибка парсинга времени для привычки ID=4, time='23:00:00': unconverted data remains: :00
DEBUG 2026-01-14 20:23:34,271 tasks Обработка привычки ID=9, action='отжимание 30 раз', time='07:00:00'
WARNING 2026-01-14 20:23:34,272 tasks Ошибка парсинга времени для привычки ID=9, time='07:00:00': unconverted data remains: :00
DEBUG 2026-01-14 20:23:34,272 tasks Обработка привычки ID=5, action='пробежка 2 км', time='19:07'
DEBUG 2026-01-14 20:23:34,272 tasks Привычка ID=5: время парсится как 19:07
DEBUG 2026-01-14 20:23:34,272 tasks Сравнение: habit_time='19:07' vs current_time='20:23'
DEBUG 2026-01-14 20:23:34,273 tasks Время не совпало для привычки ID=5: 19:07 != 20:23
DEBUG 2026-01-14 20:23:34,273 tasks Обработка привычки ID=10, action='Читать', time='17:13:00'
WARNING 2026-01-14 20:23:34,273 tasks Ошибка парсинга времени для привычки ID=10, time='17:13:00': unconverted data remains: :00
DEBUG 2026-01-14 20:23:34,273 tasks Обработка привычки ID=11, action='Читать', time='17:20:00'
WARNING 2026-01-14 20:23:34,273 tasks Ошибка парсинга времени для привычки ID=11, time='17:20:00': unconverted data remains: :00
DEBUG 2026-01-14 20:23:34,274 tasks Обработка привычки ID=12, action='Читать 2', time='20:22:00'
WARNING 2026-01-14 20:23:34,274 tasks Ошибка парсинга времени для привычки ID=12, time='20:22:00': unconverted data remains: :00
DEBUG 2026-01-14 20:23:34,274 tasks Обработка привычки ID=13, action='Читать 3', time='17:22:00'
WARNING 2026-01-14 20:23:34,274 tasks Ошибка парсинга времени для привычки ID=13, time='17:22:00': unconverted data remains: :00
INFO 2026-01-14 20:23:34,275 tasks === Завершение задачи send_habit_reminders ===
INFO 2026-01-14 20:24:34,410 tasks === Запуск задачи send_habit_reminders ===
INFO 2026-01-14 20:24:34,410 tasks UTC время: 2026-01-14 17:24:34 UTC
INFO 2026-01-14 20:24:34,410 tasks Локальное время (Europe/Moscow): 2026-01-14 20:24:34 MSK
INFO 2026-01-14 20:24:34,411 tasks Текущее время для сравнения: 20:24
INFO 2026-01-14 20:24:34,539 tasks Найдено привычек в базе: 13
DEBUG 2026-01-14 20:24:34,543 tasks Обработка привычки ID=2, action='Читать книгу', time='20:00:00'
WARNING 2026-01-14 20:24:34,544 tasks Ошибка парсинга времени для привычки ID=2, time='20:00:00': unconverted data remains: :00
DEBUG 2026-01-14 20:24:34,544 tasks Обработка привычки ID=3, action='Зарядка утром', time='08:00:00'
WARNING 2026-01-14 20:24:34,545 tasks Ошибка парсинга времени для привычки ID=3, time='08:00:00': unconverted data remains: :00
DEBUG 2026-01-14 20:24:34,546 tasks Обработка привычки ID=6, action='тренажер английского языка', time='21:00:00'
WARNING 2026-01-14 20:24:34,546 tasks Ошибка парсинга времени для привычки ID=6, time='21:00:00': unconverted data remains: :00
DEBUG 2026-01-14 20:24:34,546 tasks Обработка привычки ID=1, action='читать любимую книгу', time='20:00:00'
WARNING 2026-01-14 20:24:34,546 tasks Ошибка парсинга времени для привычки ID=1, time='20:00:00': unconverted data remains: :00
DEBUG 2026-01-14 20:24:34,547 tasks Обработка привычки ID=7, action='уборка дома', time='12:00:00'
WARNING 2026-01-14 20:24:34,547 tasks Ошибка парсинга времени для привычки ID=7, time='12:00:00': unconverted data remains: :00
DEBUG 2026-01-14 20:24:34,547 tasks Обработка привычки ID=8, action='просмотр ленты VK', time='19:00:00'
WARNING 2026-01-14 20:24:34,548 tasks Ошибка парсинга времени для привычки ID=8, time='19:00:00': unconverted data remains: :00
DEBUG 2026-01-14 20:24:34,548 tasks Обработка привычки ID=4, action='Долгий горячий душ', time='23:00:00'
WARNING 2026-01-14 20:24:34,549 tasks Ошибка парсинга времени для привычки ID=4, time='23:00:00': unconverted data remains: :00
DEBUG 2026-01-14 20:24:34,549 tasks Обработка привычки ID=9, action='отжимание 30 раз', time='07:00:00'
WARNING 2026-01-14 20:24:34,550 tasks Ошибка парсинга времени для привычки ID=9, time='07:00:00': unconverted data remains: :00
DEBUG 2026-01-14 20:24:34,550 tasks Обработка привычки ID=5, action='пробежка 2 км', time='19:07'
DEBUG 2026-01-14 20:24:34,550 tasks Привычка ID=5: время парсится как 19:07
DEBUG 2026-01-14 20:24:34,551 tasks Сравнение: habit_time='19:07' vs current_time='20:24'
DEBUG 2026-01-14 20:24:34,551 tasks Время не совпало для привычки ID=5: 19:07 != 20:24
DEBUG 2026-01-14 20:24:34,552 tasks Обработка привычки ID=10, action='Читать', time='17:13:00'
WARNING 2026-01-14 20:24:34,552 tasks Ошибка парсинга времени для привычки ID=10, time='17:13:00': unconverted data remains: :00
DEBUG 2026-01-14 20:24:34,552 tasks Обработка привычки ID=11, action='Читать', time='17:20:00'
WARNING 2026-01-14 20:24:34,553 tasks Ошибка парсинга времени для привычки ID=11, time='17:20:00': unconverted data remains: :00
DEBUG 2026-01-14 20:24:34,553 tasks Обработка привычки ID=12, action='Читать 2', time='20:22:00'
WARNING 2026-01-14 20:24:34,554 tasks Ошибка парсинга времени для привычки ID=12, time='20:22:00': unconverted data remains: :00
DEBUG 2026-01-14 20:24:34,554 tasks Обработка привычки ID=13, action='Читать 3', time='17:22:00'
WARNING 2026-01-14 20:24:34,555 tasks Ошибка парсинга времени для привычки ID=13, time='17:22:00': unconverted data remains: :00
INFO 2026-01-14 20:24:34,555 tasks === Завершение задачи send_habit_reminders ===
INFO 2026-01-14 20:24:34,568 tasks === Запуск задачи send_habit_reminders ===
INFO 2026-01-14 20:24:34,569 tasks UTC время: 2026-01-14 17:24:34 UTC
INFO 2026-01-14 20:24:34,570 tasks Локальное время (Europe/Moscow): 2026-01-14 20:24:34 MSK
INFO 2026-01-14 20:24:34,570 tasks Текущее время для сравнения: 20:24
INFO 2026-01-14 20:24:34,662 tasks Найдено привычек в базе: 13
DEBUG 2026-01-14 20:24:34,663 tasks Обработка привычки ID=2, action='Читать книгу', time='20:00:00'
WARNING 2026-01-14 20:24:34,664 tasks Ошибка парсинга времени для привычки ID=2, time='20:00:00': unconverted data remains: :00
DEBUG 2026-01-14 20:24:34,664 tasks Обработка привычки ID=3, action='Зарядка утром', time='08:00:00'
WARNING 2026-01-14 20:24:34,664 tasks Ошибка парсинга времени для привычки ID=3, time='08:00:00': unconverted data remains: :00
DEBUG 2026-01-14 20:24:34,664 tasks Обработка привычки ID=6, action='тренажер английского языка', time='21:00:00'
WARNING 2026-01-14 20:24:34,664 tasks Ошибка парсинга времени для привычки ID=6, time='21:00:00': unconverted data remains: :00
DEBUG 2026-01-14 20:24:34,665 tasks Обработка привычки ID=1, action='читать любимую книгу', time='20:00:00'
WARNING 2026-01-14 20:24:34,665 tasks Ошибка парсинга времени для привычки ID=1, time='20:00:00': unconverted data remains: :00
DEBUG 2026-01-14 20:24:34,665 tasks Обработка привычки ID=7, action='уборка дома', time='12:00:00'
WARNING 2026-01-14 20:24:34,665 tasks Ошибка парсинга времени для привычки ID=7, time='12:00:00': unconverted data remains: :00
DEBUG 2026-01-14 20:24:34,666 tasks Обработка привычки ID=8, action='просмотр ленты VK', time='19:00:00'
WARNING 2026-01-14 20:24:34,666 tasks Ошибка парсинга времени для привычки ID=8, time='19:00:00': unconverted data remains: :00
DEBUG 2026-01-14 20:24:34,666 tasks Обработка привычки ID=4, action='Долгий горячий душ', time='23:00:00'
WARNING 2026-01-14 20:24:34,667 tasks Ошибка парсинга времени для привычки ID=4, time='23:00:00': unconverted data remains: :00
DEBUG 2026-01-14 20:24:34,667 tasks Обработка привычки ID=9, action='отжимание 30 раз', time='07:00:00'
WARNING 2026-01-14 20:24:34,667 tasks Ошибка парсинга времени для привычки ID=9, time='07:00:00': unconverted data remains: :00
DEBUG 2026-01-14 20:24:34,667 tasks Обработка привычки ID=5, action='пробежка 2 км', time='19:07'
DEBUG 2026-01-14 20:24:34,667 tasks Привычка ID=5: время парсится как 19:07
DEBUG 2026-01-14 20:24:34,668 tasks Сравнение: habit_time='19:07' vs current_time='20:24'
DEBUG 2026-01-14 20:24:34,668 tasks Время не совпало для привычки ID=5: 19:07 != 20:24
DEBUG 2026-01-14 20:24:34,668 tasks Обработка привычки ID=10, action='Читать', time='17:13:00'
WARNING 2026-01-14 20:24:34,668 tasks Ошибка парсинга времени для привычки ID=10, time='17:13:00': unconverted data remains: :00
DEBUG 2026-01-14 20:24:34,668 tasks Обработка привычки ID=11, action='Читать', time='17:20:00'
WARNING 2026-01-14 20:24:34,669 tasks Ошибка парсинга времени для привычки ID=11, time='17:20:00': unconverted data remains: :00
DEBUG 2026-01-14 20:24:34,669 tasks Обработка привычки ID=12, action='Читать 2', time='20:22:00'
WARNING 2026-01-14 20:24:34,669 tasks Ошибка парсинга времени для привычки ID=12, time='20:22:00': unconverted data remains: :00
DEBUG 2026-01-14 20:24:34,669 tasks Обработка привычки ID=13, action='Читать 3', time='17:22:00'
WARNING 2026-01-14 20:24:34,669 tasks Ошибка парсинга времени для привычки ID=13, time='17:22:00': unconverted data remains: :00
INFO 2026-01-14 20:24:34,669 tasks === Завершение задачи send_habit_reminders ===
INFO 2026-01-14 20:25:34,554 tasks === Запуск задачи send_habit_reminders ===
INFO 2026-01-14 20:25:34,554 tasks UTC время: 2026-01-14 17:25:34 UTC
INFO 2026-01-14 20:25:34,555 tasks Локальное время (Europe/Moscow): 2026-01-14 20:25:34 MSK
INFO 2026-01-14 20:25:34,555 tasks Текущее время для сравнения: 20:25
INFO 2026-01-14 20:25:34,634 tasks Найдено привычек в базе: 13
DEBUG 2026-01-14 20:25:34,636 tasks Обработка привычки ID=2, action='Читать книгу', time='20:00:00'
WARNING 2026-01-14 20:25:34,637 tasks Ошибка парсинга времени для привычки ID=2, time='20:00:00': unconverted data remains: :00
DEBUG 2026-01-14 20:25:34,637 tasks Обработка привычки ID=3, action='Зарядка утром', time='08:00:00'
WARNING 2026-01-14 20:25:34,637 tasks Ошибка парсинга времени для привычки ID=3, time='08:00:00': unconverted data remains: :00
DEBUG 2026-01-14 20:25:34,637 tasks Обработка привычки ID=6, action='тренажер английского языка', time='21:00:00'
WARNING 2026-01-14 20:25:34,637 tasks Ошибка парсинга времени для привычки ID=6, time='21:00:00': unconverted data remains: :00
DEBUG 2026-01-14 20:25:34,638 tasks Обработка привычки ID=1, action='читать любимую книгу', time='20:00:00'
WARNING 2026-01-14 20:25:34,638 tasks Ошибка парсинга времени для привычки ID=1, time='20:00:00': unconverted data remains: :00
DEBUG 2026-01-14 20:25:34,638 tasks Обработка привычки ID=7, action='уборка дома', time='12:00:00'
WARNING 2026-01-14 20:25:34,638 tasks Ошибка парсинга времени для привычки ID=7, time='12:00:00': unconverted data remains: :00
DEBUG 2026-01-14 20:25:34,639 tasks Обработка привычки ID=8, action='просмотр ленты VK', time='19:00:00'
WARNING 2026-01-14 20:25:34,639 tasks Ошибка парсинга времени для привычки ID=8, time='19:00:00': unconverted data remains: :00
DEBUG 2026-01-14 20:25:34,639 tasks Обработка привычки ID=4, action='Долгий горячий душ', time='23:00:00'
WARNING 2026-01-14 20:25:34,640 tasks Ошибка парсинга времени для привычки ID=4, time='23:00:00': unconverted data remains: :00
DEBUG 2026-01-14 20:25:34,640 tasks Обработка привычки ID=9, action='отжимание 30 раз', time='07:00:00'
WARNING 2026-01-14 20:25:34,640 tasks Ошибка парсинга времени для привычки ID=9, time='07:00:00': unconverted data remains: :00
DEBUG 2026-01-14 20:25:34,641 tasks Обработка привычки ID=5, action='пробежка 2 км', time='19:07'
DEBUG 2026-01-14 20:25:34,641 tasks Привычка ID=5: время парсится как 19:07
DEBUG 2026-01-14 20:25:34,641 tasks Сравнение: habit_time='19:07' vs current_time='20:25'
DEBUG 2026-01-14 20:25:34,642 tasks Время не совпало для привычки ID=5: 19:07 != 20:25
DEBUG 2026-01-14 20:25:34,642 tasks Обработка привычки ID=10, action='Читать', time='17:13:00'
WARNING 2026-01-14 20:25:34,642 tasks Ошибка парсинга времени для привычки ID=10, time='17:13:00': unconverted data remains: :00
DEBUG 2026-01-14 20:25:34,643 tasks Обработка привычки ID=11, action='Читать', time='17:20:00'
WARNING 2026-01-14 20:25:34,643 tasks Ошибка парсинга времени для привычки ID=11, time='17:20:00': unconverted data remains: :00
DEBUG 2026-01-14 20:25:34,643 tasks Обработка привычки ID=12, action='Читать 2', time='20:22:00'
WARNING 2026-01-14 20:25:34,644 tasks Ошибка парсинга времени для привычки ID=12, time='20:22:00': unconverted data remains: :00
DEBUG 2026-01-14 20:25:34,645 tasks Обработка привычки ID=13, action='Читать 3', time='17:22:00'
WARNING 2026-01-14 20:25:34,645 tasks Ошибка парсинга времени для привычки ID=13, time='17:22:00': unconverted data remains: :00
INFO 2026-01-14 20:25:34,645 tasks === Завершение задачи send_habit_reminders ===
INFO 2026-01-14 20:25:34,654 tasks === Запуск задачи send_habit_reminders ===
INFO 2026-01-14 20:25:34,654 tasks UTC время: 2026-01-14 17:25:34 UTC
INFO 2026-01-14 20:25:34,655 tasks Локальное время (Europe/Moscow): 2026-01-14 20:25:34 MSK
INFO 2026-01-14 20:25:34,655 tasks Текущее время для сравнения: 20:25
INFO 2026-01-14 20:25:34,728 tasks Найдено привычек в базе: 13
DEBUG 2026-01-14 20:25:34,730 tasks Обработка привычки ID=2, action='Читать книгу', time='20:00:00'
WARNING 2026-01-14 20:25:34,730 tasks Ошибка парсинга времени для привычки ID=2, time='20:00:00': unconverted data remains: :00
DEBUG 2026-01-14 20:25:34,730 tasks Обработка привычки ID=3, action='Зарядка утром', time='08:00:00'
WARNING 2026-01-14 20:25:34,730 tasks Ошибка парсинга времени для привычки ID=3, time='08:00:00': unconverted data remains: :00
DEBUG 2026-01-14 20:25:34,731 tasks Обработка привычки ID=6, action='тренажер английского языка', time='21:00:00'
WARNING 2026-01-14 20:25:34,731 tasks Ошибка парсинга времени для привычки ID=6, time='21:00:00': unconverted data remains: :00
DEBUG 2026-01-14 20:25:34,731 tasks Обработка привычки ID=1, action='читать любимую книгу', time='20:00:00'
WARNING 2026-01-14 20:25:34,731 tasks Ошибка парсинга времени для привычки ID=1, time='20:00:00': unconverted data remains: :00
DEBUG 2026-01-14 20:25:34,731 tasks Обработка привычки ID=7, action='уборка дома', time='12:00:00'
WARNING 2026-01-14 20:25:34,731 tasks Ошибка парсинга времени для привычки ID=7, time='12:00:00': unconverted data remains: :00
DEBUG 2026-01-14 20:25:34,732 tasks Обработка привычки ID=8, action='просмотр ленты VK', time='19:00:00'
WARNING 2026-01-14 20:25:34,732 tasks Ошибка парсинга времени для привычки ID=8, time='19:00:00': unconverted data remains: :00
DEBUG 2026-01-14 20:25:34,732 tasks Обработка привычки ID=4, action='Долгий горячий душ', time='23:00:00'
WARNING 2026-01-14 20:25:34,732 tasks Ошибка парсинга времени для привычки ID=4, time='23:00:00': unconverted data remains: :00
DEBUG 2026-01-14 20:25:34,733 tasks Обработка привычки ID=9, action='отжимание 30 раз', time='07:00:00'
WARNING 2026-01-14 20:25:34,733 tasks Ошибка парсинга времени для привычки ID=9, time='07:00:00': unconverted data remains: :00
DEBUG 2026-01-14 20:25:34,733 tasks Обработка привычки ID=5, action='пробежка 2 км', time='19:07'
DEBUG 2026-01-14 20:25:34,733 tasks Привычка ID=5: время парсится как 19:07
DEBUG 2026-01-14 20:25:34,733 tasks Сравнение: habit_time='19:07' vs current_time='20:25'
DEBUG 2026-01-14 20:25:34,733 tasks Время не совпало для привычки ID=5: 19:07 != 20:25
DEBUG 2026-01-14 20:25:34,733 tasks Обработка привычки ID=10, action='Читать', time='17:13:00'
WARNING 2026-01-14 20:25:34,733 tasks Ошибка парсинга времени для привычки ID=10, time='17:13:00': unconverted data remains: :00
DEBUG 2026-01-14 20:25:34,733 tasks Обработка привычки ID=11, action='Читать', time='17:20:00'
WARNING 2026-01-14 20:25:34,734 tasks Ошибка парсинга времени для привычки ID=11, time='17:20:00': unconverted data remains: :00
DEBUG 2026-01-14 20:25:34,734 tasks Обработка привычки ID=12, action='Читать 2', time='20:22:00'
WARNING 2026-01-14 20:25:34,734 tasks Ошибка парсинга времени для привычки ID=12, time='20:22:00': unconverted data remains: :00
DEBUG 2026-01-14 20:25:34,734 tasks Обработка привычки ID=13, action='Читать 3', time='17:22:00'
WARNING 2026-01-14 20:25:34,734 tasks Ошибка парсинга времени для привычки ID=13, time='17:22:00': unconverted data remains: :00
INFO 2026-01-14 20:25:34,734 tasks === Завершение задачи send_habit_reminders ===
INFO 2026-01-14 20:26:34,610 tasks === Запуск задачи send_habit_reminders ===
INFO 2026-01-14 20:26:34,610 tasks UTC время: 2026-01-14 17:26:34 UTC
INFO 2026-01-14 20:26:34,610 tasks Локальное время (Europe/Moscow): 2026-01-14 20:26:34 MSK
INFO 2026-01-14 20:26:34,611 tasks Текущее время для сравнения: 20:26
INFO 2026-01-14 20:26:34,690 tasks Найдено привычек в базе: 13
DEBUG 2026-01-14 20:26:34,693 tasks Обработка привычки ID=2, action='Читать книгу', time='20:00:00'
WARNING 2026-01-14 20:26:34,693 tasks Ошибка парсинга времени для привычки ID=2, time='20:00:00': unconverted data remains: :00
DEBUG 2026-01-14 20:26:34,694 tasks Обработка привычки ID=3, action='Зарядка утром', time='08:00:00'
WARNING 2026-01-14 20:26:34,694 tasks Ошибка парсинга времени для привычки ID=3, time='08:00:00': unconverted data remains: :00
DEBUG 2026-01-14 20:26:34,695 tasks Обработка привычки ID=6, action='тренажер английского языка', time='21:00:00'
WARNING 2026-01-14 20:26:34,695 tasks Ошибка парсинга времени для привычки ID=6, time='21:00:00': unconverted data remains: :00
DEBUG 2026-01-14 20:26:34,695 tasks Обработка привычки ID=1, action='читать любимую книгу', time='20:00:00'
WARNING 2026-01-14 20:26:34,696 tasks Ошибка парсинга времени для привычки ID=1, time='20:00:00': unconverted data remains: :00
DEBUG 2026-01-14 20:26:34,696 tasks Обработка привычки ID=7, action='уборка дома', time='12:00:00'
WARNING 2026-01-14 20:26:34,696 tasks Ошибка парсинга времени для привычки ID=7, time='12:00:00': unconverted data remains: :00
DEBUG 2026-01-14 20:26:34,697 tasks Обработка привычки ID=8, action='просмотр ленты VK', time='19:00:00'
WARNING 2026-01-14 20:26:34,697 tasks Ошибка парсинга времени для привычки ID=8, time='19:00:00': unconverted data remains: :00
DEBUG 2026-01-14 20:26:34,697 tasks Обработка привычки ID=4, action='Долгий горячий душ', time='23:00:00'
WARNING 2026-01-14 20:26:34,697 tasks Ошибка парсинга времени для привычки ID=4, time='23:00:00': unconverted data remains: :00
DEBUG 2026-01-14 20:26:34,698 tasks Обработка привычки ID=9, action='отжимание 30 раз', time='07:00:00'
WARNING 2026-01-14 20:26:34,698 tasks Ошибка парсинга времени для привычки ID=9, time='07:00:00': unconverted data remains: :00
DEBUG 2026-01-14 20:26:34,698 tasks Обработка привычки ID=5, action='пробежка 2 км', time='19:07'
DEBUG 2026-01-14 20:26:34,698 tasks Привычка ID=5: время парсится как 19:07
DEBUG 2026-01-14 20:26:34,699 tasks Сравнение: habit_time='19:07' vs current_time='20:26'
DEBUG 2026-01-14 20:26:34,699 tasks Время не совпало для привычки ID=5: 19:07 != 20:26
DEBUG 2026-01-14 20:26:34,699 tasks Обработка привычки ID=10, action='Читать', time='17:13:00'
WARNING 2026-01-14 20:26:34,700 tasks Ошибка парсинга времени для привычки ID=10, time='17:13:00': unconverted data remains: :00
DEBUG 2026-01-14 20:26:34,700 tasks Обработка привычки ID=11, action='Читать', time='17:20:00'
WARNING 2026-01-14 20:26:34,700 tasks Ошибка парсинга времени для привычки ID=11, time='17:20:00': unconverted data remains: :00
DEBUG 2026-01-14 20:26:34,701 tasks Обработка привычки ID=12, action='Читать 2', time='20:22:00'
WARNING 2026-01-14 20:26:34,701 tasks Ошибка парсинга времени для привычки ID=12, time='20:22:00': unconverted data remains: :00
DEBUG 2026-01-14 20:26:34,701 tasks Обработка привычки ID=13, action='Читать 3', time='17:22:00'
WARNING 2026-01-14 20:26:34,701 tasks Ошибка парсинга времени для привычки ID=13, time='17:22:00': unconverted data remains: :00
INFO 2026-01-14 20:26:34,702 tasks === Завершение задачи send_habit_reminders ===
INFO 2026-01-14 20:26:34,713 tasks === Запуск задачи send_habit_reminders ===
INFO 2026-01-14 20:26:34,713 tasks UTC время: 2026-01-14 17:26:34 UTC
INFO 2026-01-14 20:26:34,713 tasks Локальное время (Europe/Moscow): 2026-01-14 20:26:34 MSK
INFO 2026-01-14 20:26:34,713 tasks Текущее время для сравнения: 20:26
INFO 2026-01-14 20:26:34,791 tasks Найдено привычек в базе: 13
DEBUG 2026-01-14 20:26:34,792 tasks Обработка привычки ID=2, action='Читать книгу', time='20:00:00'
WARNING 2026-01-14 20:26:34,792 tasks Ошибка парсинга времени для привычки ID=2, time='20:00:00': unconverted data remains: :00
DEBUG 2026-01-14 20:26:34,793 tasks Обработка привычки ID=3, action='Зарядка утром', time='08:00:00'
WARNING 2026-01-14 20:26:34,793 tasks Ошибка парсинга времени для привычки ID=3, time='08:00:00': unconverted data remains: :00
DEBUG 2026-01-14 20:26:34,793 tasks Обработка привычки ID=6, action='тренажер английского языка', time='21:00:00'
WARNING 2026-01-14 20:26:34,793 tasks Ошибка парсинга времени для привычки ID=6, time='21:00:00': unconverted data remains: :00
DEBUG 2026-01-14 20:26:34,794 tasks Обработка привычки ID=1, action='читать любимую книгу', time='20:00:00'
WARNING 2026-01-14 20:26:34,794 tasks Ошибка парсинга времени для привычки ID=1, time='20:00:00': unconverted data remains: :00
DEBUG 2026-01-14 20:26:34,794 tasks Обработка привычки ID=7, action='уборка дома', time='12:00:00'
WARNING 2026-01-14 20:26:34,794 tasks Ошибка парсинга времени для привычки ID=7, time='12:00:00': unconverted data remains: :00
DEBUG 2026-01-14 20:26:34,795 tasks Обработка привычки ID=8, action='просмотр ленты VK', time='19:00:00'
WARNING 2026-01-14 20:26:34,795 tasks Ошибка парсинга времени для привычки ID=8, time='19:00:00': unconverted data remains: :00
DEBUG 2026-01-14 20:26:34,795 tasks Обработка привычки ID=4, action='Долгий горячий душ', time='23:00:00'
WARNING 2026-01-14 20:26:34,795 tasks Ошибка парсинга времени для привычки ID=4, time='23:00:00': unconverted data remains: :00
DEBUG 2026-01-14 20:26:34,796 tasks Обработка привычки ID=9, action='отжимание 30 раз', time='07:00:00'
WARNING 2026-01-14 20:26:34,796 tasks Ошибка парсинга времени для привычки ID=9, time='07:00:00': unconverted data remains: :00
DEBUG 2026-01-14 20:26:34,796 tasks Обработка привычки ID=5, action='пробежка 2 км', time='19:07'
DEBUG 2026-01-14 20:26:34,797 tasks Привычка ID=5: время парсится как 19:07
DEBUG 2026-01-14 20:26:34,797 tasks Сравнение: habit_time='19:07' vs current_time='20:26'
DEBUG 2026-01-14 20:26:34,797 tasks Время не совпало для привычки ID=5: 19:07 != 20:26
DEBUG 2026-01-14 20:26:34,797 tasks Обработка привычки ID=10, action='Читать', time='17:13:00'
WARNING 2026-01-14 20:26:34,797 tasks Ошибка парсинга времени для привычки ID=10, time='17:13:00': unconverted data remains: :00
DEBUG 2026-01-14 20:26:34,797 tasks Обработка привычки ID=11, action='Читать', time='17:20:00'
WARNING 2026-01-14 20:26:34,798 tasks Ошибка парсинга времени для привычки ID=11, time='17:20:00': unconverted data remains: :00
DEBUG 2026-01-14 20:26:34,798 tasks Обработка привычки ID=12, action='Читать 2', time='20:22:00'
WARNING 2026-01-14 20:26:34,798 tasks Ошибка парсинга времени для привычки ID=12, time='20:22:00': unconverted data remains: :00
DEBUG 2026-01-14 20:26:34,799 tasks Обработка привычки ID=13, action='Читать 3', time='17:22:00'
WARNING 2026-01-14 20:26:34,799 tasks Ошибка парсинга времени для привычки ID=13, time='17:22:00': unconverted data remains: :00
INFO 2026-01-14 20:26:34,799 tasks === Завершение задачи send_habit_reminders ===
INFO 2026-01-14 20:27:34,664 tasks === Запуск задачи send_habit_reminders ===
INFO 2026-01-14 20:27:34,665 tasks UTC время: 2026-01-14 17:27:34 UTC
INFO 2026-01-14 20:27:34,665 tasks Локальное время (Europe/Moscow): 2026-01-14 20:27:34 MSK
INFO 2026-01-14 20:27:34,665 tasks Текущее время для сравнения: 20:27
INFO 2026-01-14 20:27:34,741 tasks Найдено привычек в базе: 13
DEBUG 2026-01-14 20:27:34,742 tasks Обработка привычки ID=2, action='Читать книгу', time='20:00:00'
WARNING 2026-01-14 20:27:34,742 tasks Ошибка парсинга времени для привычки ID=2, time='20:00:00': unconverted data remains: :00
DEBUG 2026-01-14 20:27:34,743 tasks Обработка привычки ID=3, action='Зарядка утром', time='08:00:00'
WARNING 2026-01-14 20:27:34,743 tasks Ошибка парсинга времени для привычки ID=3, time='08:00:00': unconverted data remains: :00
DEBUG 2026-01-14 20:27:34,743 tasks Обработка привычки ID=6, action='тренажер английского языка', time='21:00:00'
WARNING 2026-01-14 20:27:34,743 tasks Ошибка парсинга времени для привычки ID=6, time='21:00:00': unconverted data remains: :00
DEBUG 2026-01-14 20:27:34,743 tasks Обработка привычки ID=1, action='читать любимую книгу', time='20:00:00'
WARNING 2026-01-14 20:27:34,744 tasks Ошибка парсинга времени для привычки ID=1, time='20:00:00': unconverted data remains: :00
DEBUG 2026-01-14 20:27:34,744 tasks Обработка привычки ID=7, action='уборка дома', time='12:00:00'
WARNING 2026-01-14 20:27:34,744 tasks Ошибка парсинга времени для привычки ID=7, time='12:00:00': unconverted data remains: :00
DEBUG 2026-01-14 20:27:34,744 tasks Обработка привычки ID=8, action='просмотр ленты VK', time='19:00:00'
WARNING 2026-01-14 20:27:34,744 tasks Ошибка парсинга времени для привычки ID=8, time='19:00:00': unconverted data remains: :00
DEBUG 2026-01-14 20:27:34,744 tasks Обработка привычки ID=4, action='Долгий горячий душ', time='23:00:00'
WARNING 2026-01-14 20:27:34,744 tasks Ошибка парсинга времени для привычки ID=4, time='23:00:00': unconverted data remains: :00
DEBUG 2026-01-14 20:27:34,744 tasks Обработка привычки ID=9, action='отжимание 30 раз', time='07:00:00'
WARNING 2026-01-14 20:27:34,745 tasks Ошибка парсинга времени для привычки ID=9, time='07:00:00': unconverted data remains: :00
DEBUG 2026-01-14 20:27:34,745 tasks Обработка привычки ID=5, action='пробежка 2 км', time='19:07'
DEBUG 2026-01-14 20:27:34,745 tasks Привычка ID=5: время парсится как 19:07
DEBUG 2026-01-14 20:27:34,745 tasks Сравнение: habit_time='19:07' vs current_time='20:27'
DEBUG 2026-01-14 20:27:34,745 tasks Время не совпало для привычки ID=5: 19:07 != 20:27
DEBUG 2026-01-14 20:27:34,745 tasks Обработка привычки ID=10, action='Читать', time='17:13:00'
WARNING 2026-01-14 20:27:34,745 tasks Ошибка парсинга времени для привычки ID=10, time='17:13:00': unconverted data remains: :00
DEBUG 2026-01-14 20:27:34,746 tasks Обработка привычки ID=11, action='Читать', time='17:20:00'
WARNING 2026-01-14 20:27:34,746 tasks Ошибка парсинга времени для привычки ID=11, time='17:20:00': unconverted data remains: :00
DEBUG 2026-01-14 20:27:34,746 tasks Обработка привычки ID=12, action='Читать 2', time='20:22:00'
WARNING 2026-01-14 20:27:34,746 tasks Ошибка парсинга времени для привычки ID=12, time='20:22:00': unconverted data remains: :00
DEBUG 2026-01-14 20:27:34,746 tasks Обработка привычки ID=13, action='Читать 3', time='17:22:00'
WARNING 2026-01-14 20:27:34,747 tasks Ошибка парсинга времени для привычки ID=13, time='17:22:00': unconverted data remains: :00
INFO 2026-01-14 20:27:34,747 tasks === Завершение задачи send_habit_reminders ===
INFO 2026-01-14 20:27:34,757 tasks === Запуск задачи send_habit_reminders ===
INFO 2026-01-14 20:27:34,758 tasks UTC время: 2026-01-14 17:27:34 UTC
INFO 2026-01-14 20:27:34,758 tasks Локальное время (Europe/Moscow): 2026-01-14 20:27:34 MSK
INFO 2026-01-14 20:27:34,759 tasks Текущее время для сравнения: 20:27
INFO 2026-01-14 20:27:34,830 tasks Найдено привычек в базе: 13
DEBUG 2026-01-14 20:27:34,833 tasks Обработка привычки ID=2, action='Читать книгу', time='20:00:00'
WARNING 2026-01-14 20:27:34,834 tasks Ошибка парсинга времени для привычки ID=2, time='20:00:00': unconverted data remains: :00
DEBUG 2026-01-14 20:27:34,834 tasks Обработка привычки ID=3, action='Зарядка утром', time='08:00:00'
WARNING 2026-01-14 20:27:34,834 tasks Ошибка парсинга времени для привычки ID=3, time='08:00:00': unconverted data remains: :00
DEBUG 2026-01-14 20:27:34,834 tasks Обработка привычки ID=6, action='тренажер английского языка', time='21:00:00'
WARNING 2026-01-14 20:27:34,835 tasks Ошибка парсинга времени для привычки ID=6, time='21:00:00': unconverted data remains: :00
DEBUG 2026-01-14 20:27:34,835 tasks Обработка привычки ID=1, action='читать любимую книгу', time='20:00:00'
WARNING 2026-01-14 20:27:34,835 tasks Ошибка парсинга времени для привычки ID=1, time='20:00:00': unconverted data remains: :00
DEBUG 2026-01-14 20:27:34,835 tasks Обработка привычки ID=7, action='уборка дома', time='12:00:00'
WARNING 2026-01-14 20:27:34,836 tasks Ошибка парсинга времени для привычки ID=7, time='12:00:00': unconverted data remains: :00
DEBUG 2026-01-14 20:27:34,836 tasks Обработка привычки ID=8, action='просмотр ленты VK', time='19:00:00'
WARNING 2026-01-14 20:27:34,836 tasks Ошибка парсинга времени для привычки ID=8, time='19:00:00': unconverted data remains: :00
DEBUG 2026-01-14 20:27:34,836 tasks Обработка привычки ID=4, action='Долгий горячий душ', time='23:00:00'
WARNING 2026-01-14 20:27:34,837 tasks Ошибка парсинга времени для привычки ID=4, time='23:00:00': unconverted data remains: :00
DEBUG 2026-01-14 20:27:34,837 tasks Обработка привычки ID=9, action='отжимание 30 раз', time='07:00:00'
WARNING 2026-01-14 20:27:34,837 tasks Ошибка парсинга времени для привычки ID=9, time='07:00:00': unconverted data remains: :00
DEBUG 2026-01-14 20:27:34,837 tasks Обработка привычки ID=5, action='пробежка 2 км', time='19:07'
DEBUG 2026-01-14 20:27:34,837 tasks Привычка ID=5: время парсится как 19:07
DEBUG 2026-01-14 20:27:34,837 tasks Сравнение: habit_time='19:07' vs current_time='20:27'
DEBUG 2026-01-14 20:27:34,838 tasks Время не совпало для привычки ID=5: 19:07 != 20:27
DEBUG 2026-01-14 20:27:34,838 tasks Обработка привычки ID=10, action='Читать', time='17:13:00'
WARNING 2026-01-14 20:27:34,839 tasks Ошибка парсинга времени для привычки ID=10, time='17:13:00': unconverted data remains: :00
DEBUG 2026-01-14 20:27:34,839 tasks Обработка привычки ID=11, action='Читать', time='17:20:00'
WARNING 2026-01-14 20:27:34,839 tasks Ошибка парсинга времени для привычки ID=11, time='17:20:00': unconverted data remains: :00
DEBUG 2026-01-14 20:27:34,840 tasks Обработка привычки ID=12, action='Читать 2', time='20:22:00'
WARNING 2026-01-14 20:27:34,840 tasks Ошибка парсинга времени для привычки ID=12, time='20:22:00': unconverted data remains: :00
DEBUG 2026-01-14 20:27:34,840 tasks Обработка привычки ID=13, action='Читать 3', time='17:22:00'
WARNING 2026-01-14 20:27:34,841 tasks Ошибка парсинга времени для привычки ID=13, time='17:22:00': unconverted data remains: :00
INFO 2026-01-14 20:27:34,841 tasks === Завершение задачи send_habit_reminders ===
INFO 2026-01-14 20:28:34,876 tasks === Запуск задачи send_habit_reminders ===
INFO 2026-01-14 20:28:34,877 tasks UTC время: 2026-01-14 17:28:34 UTC
INFO 2026-01-14 20:28:34,878 tasks Локальное время (Europe/Moscow): 2026-01-14 20:28:34 MSK
INFO 2026-01-14 20:28:34,879 tasks Текущее время для сравнения: 20:28
INFO 2026-01-14 20:28:34,973 tasks Найдено привычек в базе: 13
DEBUG 2026-01-14 20:28:34,979 tasks Обработка привычки ID=2, action='Читать книгу', time='20:00:00'
WARNING 2026-01-14 20:28:34,979 tasks Ошибка парсинга времени для привычки ID=2, time='20:00:00': unconverted data remains: :00
DEBUG 2026-01-14 20:28:34,980 tasks Обработка привычки ID=3, action='Зарядка утром', time='08:00:00'
WARNING 2026-01-14 20:28:34,980 tasks Ошибка парсинга времени для привычки ID=3, time='08:00:00': unconverted data remains: :00
DEBUG 2026-01-14 20:28:34,980 tasks Обработка привычки ID=6, action='тренажер английского языка', time='21:00:00'
WARNING 2026-01-14 20:28:34,981 tasks Ошибка парсинга времени для привычки ID=6, time='21:00:00': unconverted data remains: :00
DEBUG 2026-01-14 20:28:34,981 tasks Обработка привычки ID=1, action='читать любимую книгу', time='20:00:00'
WARNING 2026-01-14 20:28:34,981 tasks Ошибка парсинга времени для привычки ID=1, time='20:00:00': unconverted data remains: :00
DEBUG 2026-01-14 20:28:34,981 tasks Обработка привычки ID=7, action='уборка дома', time='12:00:00'
WARNING 2026-01-14 20:28:34,981 tasks Ошибка парсинга времени для привычки ID=7, time='12:00:00': unconverted data remains: :00
DEBUG 2026-01-14 20:28:34,982 tasks Обработка привычки ID=8, action='просмотр ленты VK', time='19:00:00'
WARNING 2026-01-14 20:28:34,982 tasks Ошибка парсинга времени для привычки ID=8, time='19:00:00': unconverted data remains: :00
DEBUG 2026-01-14 20:28:34,982 tasks Обработка привычки ID=4, action='Долгий горячий душ', time='23:00:00'
WARNING 2026-01-14 20:28:34,983 tasks Ошибка парсинга времени для привычки ID=4, time='23:00:00': unconverted data remains: :00
DEBUG 2026-01-14 20:28:34,983 tasks Обработка привычки ID=9, action='отжимание 30 раз', time='07:00:00'
WARNING 2026-01-14 20:28:34,984 tasks Ошибка парсинга времени для привычки ID=9, time='07:00:00': unconverted data remains: :00
DEBUG 2026-01-14 20:28:34,984 tasks Обработка привычки ID=5, action='пробежка 2 км', time='19:07'
DEBUG 2026-01-14 20:28:34,985 tasks Привычка ID=5: время парсится как 19:07
DEBUG 2026-01-14 20:28:34,985 tasks Сравнение: habit_time='19:07' vs current_time='20:28'
DEBUG 2026-01-14 20:28:34,986 tasks Время не совпало для привычки ID=5: 19:07 != 20:28
DEBUG 2026-01-14 20:28:34,986 tasks Обработка привычки ID=10, action='Читать', time='17:13:00'
WARNING 2026-01-14 20:28:34,987 tasks Ошибка парсинга времени для привычки ID=10, time='17:13:00': unconverted data remains: :00
DEBUG 2026-01-14 20:28:34,987 tasks Обработка привычки ID=11, action='Читать', time='17:20:00'
WARNING 2026-01-14 20:28:34,987 tasks Ошибка парсинга времени для привычки ID=11, time='17:20:00': unconverted data remains: :00
DEBUG 2026-01-14 20:28:34,987 tasks Обработка привычки ID=12, action='Читать 2', time='20:22:00'
WARNING 2026-01-14 20:28:34,988 tasks Ошибка парсинга времени для привычки ID=12, time='20:22:00': unconverted data remains: :00
DEBUG 2026-01-14 20:28:34,988 tasks Обработка привычки ID=13, action='Читать 3', time='17:22:00'
WARNING 2026-01-14 20:28:34,989 tasks Ошибка парсинга времени для привычки ID=13, time='17:22:00': unconverted data remains: :00
INFO 2026-01-14 20:28:34,989 tasks === Завершение задачи send_habit_reminders ===
INFO 2026-01-14 20:28:34,998 tasks === Запуск задачи send_habit_reminders ===
INFO 2026-01-14 20:28:34,999 tasks UTC время: 2026-01-14 17:28:34 UTC
INFO 2026-01-14 20:28:34,999 tasks Локальное время (Europe/Moscow): 2026-01-14 20:28:34 MSK
INFO 2026-01-14 20:28:34,999 tasks Текущее время для сравнения: 20:28
INFO 2026-01-14 20:28:35,083 tasks Найдено привычек в базе: 13
DEBUG 2026-01-14 20:28:35,096 tasks Обработка привычки ID=2, action='Читать книгу', time='20:00:00'
WARNING 2026-01-14 20:28:35,096 tasks Ошибка парсинга времени для привычки ID=2, time='20:00:00': unconverted data remains: :00
DEBUG 2026-01-14 20:28:35,097 tasks Обработка привычки ID=3, action='Зарядка утром', time='08:00:00'
WARNING 2026-01-14 20:28:35,097 tasks Ошибка парсинга времени для привычки ID=3, time='08:00:00': unconverted data remains: :00
DEBUG 2026-01-14 20:28:35,097 tasks Обработка привычки ID=6, action='тренажер английского языка', time='21:00:00'
WARNING 2026-01-14 20:28:35,098 tasks Ошибка парсинга времени для привычки ID=6, time='21:00:00': unconverted data remains: :00
DEBUG 2026-01-14 20:28:35,098 tasks Обработка привычки ID=1, action='читать любимую книгу', time='20:00:00'
WARNING 2026-01-14 20:28:35,098 tasks Ошибка парсинга времени для привычки ID=1, time='20:00:00': unconverted data remains: :00
DEBUG 2026-01-14 20:28:35,099 tasks Обработка привычки ID=7, action='уборка дома', time='12:00:00'
WARNING 2026-01-14 20:28:35,099 tasks Ошибка парсинга времени для привычки ID=7, time='12:00:00': unconverted data remains: :00
DEBUG 2026-01-14 20:28:35,099 tasks Обработка привычки ID=8, action='просмотр ленты VK', time='19:00:00'
WARNING 2026-01-14 20:28:35,100 tasks Ошибка парсинга времени для привычки ID=8, time='19:00:00': unconverted data remains: :00
DEBUG 2026-01-14 20:28:35,100 tasks Обработка привычки ID=4, action='Долгий горячий душ', time='23:00:00'
WARNING 2026-01-14 20:28:35,100 tasks Ошибка парсинга времени для привычки ID=4, time='23:00:00': unconverted data remains: :00
DEBUG 2026-01-14 20:28:35,101 tasks Обработка привычки ID=9, action='отжимание 30 раз', time='07:00:00'
WARNING 2026-01-14 20:28:35,101 tasks Ошибка парсинга времени для привычки ID=9, time='07:00:00': unconverted data remains: :00
DEBUG 2026-01-14 20:28:35,102 tasks Обработка привычки ID=5, action='пробежка 2 км', time='19:07'
DEBUG 2026-01-14 20:28:35,102 tasks Привычка ID=5: время парсится как 19:07
DEBUG 2026-01-14 20:28:35,103 tasks Сравнение: habit_time='19:07' vs current_time='20:28'
DEBUG 2026-01-14 20:28:35,104 tasks Время не совпало для привычки ID=5: 19:07 != 20:28
DEBUG 2026-01-14 20:28:35,104 tasks Обработка привычки ID=10, action='Читать', time='17:13:00'
WARNING 2026-01-14 20:28:35,104 tasks Ошибка парсинга времени для привычки ID=10, time='17:13:00': unconverted data remains: :00
DEBUG 2026-01-14 20:28:35,105 tasks Обработка привычки ID=11, action='Читать', time='17:20:00'
WARNING 2026-01-14 20:28:35,105 tasks Ошибка парсинга времени для привычки ID=11, time='17:20:00': unconverted data remains: :00
DEBUG 2026-01-14 20:28:35,105 tasks Обработка привычки ID=12, action='Читать 2', time='20:22:00'
WARNING 2026-01-14 20:28:35,105 tasks Ошибка парсинга времени для привычки ID=12, time='20:22:00': unconverted data remains: :00
DEBUG 2026-01-14 20:28:35,105 tasks Обработка привычки ID=13, action='Читать 3', time='17:22:00'
WARNING 2026-01-14 20:28:35,106 tasks Ошибка парсинга времени для привычки ID=13, time='17:22:00': unconverted data remains: :00
INFO 2026-01-14 20:28:35,106 tasks === Завершение задачи send_habit_reminders ===
INFO 2026-01-14 20:29:35,183 tasks === Запуск задачи send_habit_reminders ===
INFO 2026-01-14 20:29:35,184 tasks UTC время: 2026-01-14 17:29:35 UTC
INFO 2026-01-14 20:29:35,184 tasks Локальное время (Europe/Moscow): 2026-01-14 20:29:35 MSK
INFO 2026-01-14 20:29:35,185 tasks Текущее время для сравнения: 20:29
INFO 2026-01-14 20:29:35,257 tasks Найдено привычек в базе: 13
DEBUG 2026-01-14 20:29:35,259 tasks Обработка привычки ID=2, action='Читать книгу', time='20:00:00'
WARNING 2026-01-14 20:29:35,260 tasks Ошибка парсинга времени для привычки ID=2, time='20:00:00': unconverted data remains: :00
DEBUG 2026-01-14 20:29:35,260 tasks Обработка привычки ID=3, action='Зарядка утром', time='08:00:00'
WARNING 2026-01-14 20:29:35,260 tasks Ошибка парсинга времени для привычки ID=3, time='08:00:00': unconverted data remains: :00
DEBUG 2026-01-14 20:29:35,261 tasks Обработка привычки ID=6, action='тренажер английского языка', time='21:00:00'
WARNING 2026-01-14 20:29:35,261 tasks Ошибка парсинга времени для привычки ID=6, time='21:00:00': unconverted data remains: :00
DEBUG 2026-01-14 20:29:35,261 tasks Обработка привычки ID=1, action='читать любимую книгу', time='20:00:00'
WARNING 2026-01-14 20:29:35,261 tasks Ошибка парсинга времени для привычки ID=1, time='20:00:00': unconverted data remains: :00
DEBUG 2026-01-14 20:29:35,262 tasks Обработка привычки ID=7, action='уборка дома', time='12:00:00'
WARNING 2026-01-14 20:29:35,262 tasks Ошибка парсинга времени для привычки ID=7, time='12:00:00': unconverted data remains: :00
DEBUG 2026-01-14 20:29:35,262 tasks Обработка привычки ID=8, action='просмотр ленты VK', time='19:00:00'
WARNING 2026-01-14 20:29:35,262 tasks Ошибка парсинга времени для привычки ID=8, time='19:00:00': unconverted data remains: :00
DEBUG 2026-01-14 20:29:35,262 tasks Обработка привычки ID=4, action='Долгий горячий душ', time='23:00:00'
WARNING 2026-01-14 20:29:35,263 tasks Ошибка парсинга времени для привычки ID=4, time='23:00:00': unconverted data remains: :00
DEBUG 2026-01-14 20:29:35,263 tasks Обработка привычки ID=9, action='отжимание 30 раз', time='07:00:00'
WARNING 2026-01-14 20:29:35,263 tasks Ошибка парсинга времени для привычки ID=9, time='07:00:00': unconverted data remains: :00
DEBUG 2026-01-14 20:29:35,263 tasks Обработка привычки ID=5, action='пробежка 2 км', time='19:07'
DEBUG 2026-01-14 20:29:35,263 tasks Привычка ID=5: время парсится как 19:07
DEBUG 2026-01-14 20:29:35,263 tasks Сравнение: habit_time='19:07' vs current_time='20:29'
DEBUG 2026-01-14 20:29:35,263 tasks Время не совпало для привычки ID=5: 19:07 != 20:29
DEBUG 2026-01-14 20:29:35,263 tasks Обработка привычки ID=10, action='Читать', time='17:13:00'
WARNING 2026-01-14 20:29:35,264 tasks Ошибка парсинга времени для привычки ID=10, time='17:13:00': unconverted data remains: :00
DEBUG 2026-01-14 20:29:35,264 tasks Обработка привычки ID=11, action='Читать', time='17:20:00'
WARNING 2026-01-14 20:29:35,264 tasks Ошибка парсинга времени для привычки ID=11, time='17:20:00': unconverted data remains: :00
DEBUG 2026-01-14 20:29:35,264 tasks Обработка привычки ID=12, action='Читать 2', time='20:22:00'
WARNING 2026-01-14 20:29:35,264 tasks Ошибка парсинга времени для привычки ID=12, time='20:22:00': unconverted data remains: :00
DEBUG 2026-01-14 20:29:35,264 tasks Обработка привычки ID=13, action='Читать 3', time='17:22:00'
WARNING 2026-01-14 20:29:35,264 tasks Ошибка парсинга времени для привычки ID=13, time='17:22:00': unconverted data remains: :00
INFO 2026-01-14 20:29:35,264 tasks === Завершение задачи send_habit_reminders ===
INFO 2026-01-14 20:29:35,274 tasks === Запуск задачи send_habit_reminders ===
INFO 2026-01-14 20:29:35,274 tasks UTC время: 2026-01-14 17:29:35 UTC
INFO 2026-01-14 20:29:35,274 tasks Локальное время (Europe/Moscow): 2026-01-14 20:29:35 MSK
INFO 2026-01-14 20:29:35,274 tasks Текущее время для сравнения: 20:29
INFO 2026-01-14 20:29:35,341 tasks Найдено привычек в базе: 13
DEBUG 2026-01-14 20:29:35,353 tasks Обработка привычки ID=2, action='Читать книгу', time='20:00:00'
WARNING 2026-01-14 20:29:35,354 tasks Ошибка парсинга времени для привычки ID=2, time='20:00:00': unconverted data remains: :00
DEBUG 2026-01-14 20:29:35,354 tasks Обработка привычки ID=3, action='Зарядка утром', time='08:00:00'
WARNING 2026-01-14 20:29:35,354 tasks Ошибка парсинга времени для привычки ID=3, time='08:00:00': unconverted data remains: :00
DEBUG 2026-01-14 20:29:35,354 tasks Обработка привычки ID=6, action='тренажер английского языка', time='21:00:00'
WARNING 2026-01-14 20:29:35,354 tasks Ошибка парсинга времени для привычки ID=6, time='21:00:00': unconverted data remains: :00
DEBUG 2026-01-14 20:29:35,354 tasks Обработка привычки ID=1, action='читать любимую книгу', time='20:00:00'
WARNING 2026-01-14 20:29:35,355 tasks Ошибка парсинга времени для привычки ID=1, time='20:00:00': unconverted data remains: :00
DEBUG 2026-01-14 20:29:35,355 tasks Обработка привычки ID=7, action='уборка дома', time='12:00:00'
WARNING 2026-01-14 20:29:35,355 tasks Ошибка парсинга времени для привычки ID=7, time='12:00:00': unconverted data remains: :00
DEBUG 2026-01-14 20:29:35,355 tasks Обработка привычки ID=8, action='просмотр ленты VK', time='19:00:00'
WARNING 2026-01-14 20:29:35,356 tasks Ошибка парсинга времени для привычки ID=8, time='19:00:00': unconverted data remains: :00
DEBUG 2026-01-14 20:29:35,356 tasks Обработка привычки ID=4, action='Долгий горячий душ', time='23:00:00'
WARNING 2026-01-14 20:29:35,356 tasks Ошибка парсинга времени для привычки ID=4, time='23:00:00': unconverted data remains: :00
DEBUG 2026-01-14 20:29:35,356 tasks Обработка привычки ID=9, action='отжимание 30 раз', time='07:00:00'
WARNING 2026-01-14 20:29:35,356 tasks Ошибка парсинга времени для привычки ID=9, time='07:00:00': unconverted data remains: :00
DEBUG 2026-01-14 20:29:35,357 tasks Обработка привычки ID=5, action='пробежка 2 км', time='19:07'
DEBUG 2026-01-14 20:29:35,357 tasks Привычка ID=5: время парсится как 19:07
DEBUG 2026-01-14 20:29:35,357 tasks Сравнение: habit_time='19:07' vs current_time='20:29'
DEBUG 2026-01-14 20:29:35,357 tasks Время не совпало для привычки ID=5: 19:07 != 20:29
DEBUG 2026-01-14 20:29:35,357 tasks Обработка привычки ID=10, action='Читать', time='17:13:00'
WARNING 2026-01-14 20:29:35,358 tasks Ошибка парсинга времени для привычки ID=10, time='17:13:00': unconverted data remains: :00
DEBUG 2026-01-14 20:29:35,358 tasks Обработка привычки ID=11, action='Читать', time='17:20:00'
WARNING 2026-01-14 20:29:35,358 tasks Ошибка парсинга времени для привычки ID=11, time='17:20:00': unconverted data remains: :00
DEBUG 2026-01-14 20:29:35,358 tasks Обработка привычки ID=12, action='Читать 2', time='20:22:00'
WARNING 2026-01-14 20:29:35,358 tasks Ошибка парсинга времени для привычки ID=12, time='20:22:00': unconverted data remains: :00
DEBUG 2026-01-14 20:29:35,358 tasks Обработка привычки ID=13, action='Читать 3', time='17:22:00'
WARNING 2026-01-14 20:29:35,359 tasks Ошибка парсинга времени для привычки ID=13, time='17:22:00': unconverted data remains: :00
INFO 2026-01-14 20:29:35,359 tasks === Завершение задачи send_habit_reminders ===
INFO 2026-01-14 20:30:35,242 tasks === Запуск задачи send_habit_reminders ===
INFO 2026-01-14 20:30:35,242 tasks UTC время: 2026-01-14 17:30:35 UTC
INFO 2026-01-14 20:30:35,243 tasks Локальное время (Europe/Moscow): 2026-01-14 20:30:35 MSK
INFO 2026-01-14 20:30:35,243 tasks Текущее время для сравнения: 20:30
INFO 2026-01-14 20:30:35,427 tasks Найдено привычек в базе: 13
DEBUG 2026-01-14 20:30:35,429 tasks Обработка привычки ID=2, action='Читать книгу', time='20:00:00'
WARNING 2026-01-14 20:30:35,430 tasks Ошибка парсинга времени для привычки ID=2, time='20:00:00': unconverted data remains: :00
DEBUG 2026-01-14 20:30:35,431 tasks Обработка привычки ID=3, action='Зарядка утром', time='08:00:00'
WARNING 2026-01-14 20:30:35,431 tasks Ошибка парсинга времени для привычки ID=3, time='08:00:00': unconverted data remains: :00
DEBUG 2026-01-14 20:30:35,431 tasks Обработка привычки ID=6, action='тренажер английского языка', time='21:00:00'
WARNING 2026-01-14 20:30:35,432 tasks Ошибка парсинга времени для привычки ID=6, time='21:00:00': unconverted data remains: :00
DEBUG 2026-01-14 20:30:35,432 tasks Обработка привычки ID=1, action='читать любимую книгу', time='20:00:00'
WARNING 2026-01-14 20:30:35,432 tasks Ошибка парсинга времени для привычки ID=1, time='20:00:00': unconverted data remains: :00
DEBUG 2026-01-14 20:30:35,433 tasks Обработка привычки ID=7, action='уборка дома', time='12:00:00'
WARNING 2026-01-14 20:30:35,433 tasks Ошибка парсинга времени для привычки ID=7, time='12:00:00': unconverted data remains: :00
DEBUG 2026-01-14 20:30:35,434 tasks Обработка привычки ID=8, action='просмотр ленты VK', time='19:00:00'
WARNING 2026-01-14 20:30:35,434 tasks Ошибка парсинга времени для привычки ID=8, time='19:00:00': unconverted data remains: :00
DEBUG 2026-01-14 20:30:35,434 tasks Обработка привычки ID=4, action='Долгий горячий душ', time='23:00:00'
WARNING 2026-01-14 20:30:35,435 tasks Ошибка парсинга времени для привычки ID=4, time='23:00:00': unconverted data remains: :00
DEBUG 2026-01-14 20:30:35,435 tasks Обработка привычки ID=9, action='отжимание 30 раз', time='07:00:00'
WARNING 2026-01-14 20:30:35,436 tasks Ошибка парсинга времени для привычки ID=9, time='07:00:00': unconverted data remains: :00
DEBUG 2026-01-14 20:30:35,437 tasks Обработка привычки ID=5, action='пробежка 2 км', time='19:07'
DEBUG 2026-01-14 20:30:35,437 tasks Привычка ID=5: время парсится как 19:07
DEBUG 2026-01-14 20:30:35,437 tasks Сравнение: habit_time='19:07' vs current_time='20:30'
DEBUG 2026-01-14 20:30:35,438 tasks Время не совпало для привычки ID=5: 19:07 != 20:30
DEBUG 2026-01-14 20:30:35,438 tasks Обработка привычки ID=10, action='Читать', time='17:13:00'
WARNING 2026-01-14 20:30:35,438 tasks Ошибка парсинга времени для привычки ID=10, time='17:13:00': unconverted data remains: :00
DEBUG 2026-01-14 20:30:35,440 tasks Обработка привычки ID=11, action='Читать', time='17:20:00'
WARNING 2026-01-14 20:30:35,440 tasks Ошибка парсинга времени для привычки ID=11, time='17:20:00': unconverted data remains: :00
DEBUG 2026-01-14 20:30:35,441 tasks Обработка привычки ID=12, action='Читать 2', time='20:22:00'
WARNING 2026-01-14 20:30:35,442 tasks Ошибка парсинга времени для привычки ID=12, time='20:22:00': unconverted data remains: :00
DEBUG 2026-01-14 20:30:35,442 tasks Обработка привычки ID=13, action='Читать 3', time='17:22:00'
WARNING 2026-01-14 20:30:35,443 tasks Ошибка парсинга времени для привычки ID=13, time='17:22:00': unconverted data remains: :00
INFO 2026-01-14 20:30:35,443 tasks === Завершение задачи send_habit_reminders ===
INFO 2026-01-14 20:30:35,452 tasks === Запуск задачи send_habit_reminders ===
INFO 2026-01-14 20:30:35,453 tasks UTC время: 2026-01-14 17:30:35 UTC
INFO 2026-01-14 20:30:35,453 tasks Локальное время (Europe/Moscow): 2026-01-14 20:30:35 MSK
INFO 2026-01-14 20:30:35,453 tasks Текущее время для сравнения: 20:30
INFO 2026-01-14 20:30:35,629 tasks Найдено привычек в базе: 13
DEBUG 2026-01-14 20:30:35,632 tasks Обработка привычки ID=2, action='Читать книгу', time='20:00:00'
WARNING 2026-01-14 20:30:35,633 tasks Ошибка парсинга времени для привычки ID=2, time='20:00:00': unconverted data remains: :00
DEBUG 2026-01-14 20:30:35,634 tasks Обработка привычки ID=3, action='Зарядка утром', time='08:00:00'
WARNING 2026-01-14 20:30:35,634 tasks Ошибка парсинга времени для привычки ID=3, time='08:00:00': unconverted data remains: :00
DEBUG 2026-01-14 20:30:35,634 tasks Обработка привычки ID=6, action='тренажер английского языка', time='21:00:00'
WARNING 2026-01-14 20:30:35,634 tasks Ошибка парсинга времени для привычки ID=6, time='21:00:00': unconverted data remains: :00
DEBUG 2026-01-14 20:30:35,634 tasks Обработка привычки ID=1, action='читать любимую книгу', time='20:00:00'
WARNING 2026-01-14 20:30:35,634 tasks Ошибка парсинга времени для привычки ID=1, time='20:00:00': unconverted data remains: :00
DEBUG 2026-01-14 20:30:35,635 tasks Обработка привычки ID=7, action='уборка дома', time='12:00:00'
WARNING 2026-01-14 20:30:35,635 tasks Ошибка парсинга времени для привычки ID=7, time='12:00:00': unconverted data remains: :00
DEBUG 2026-01-14 20:30:35,635 tasks Обработка привычки ID=8, action='просмотр ленты VK', time='19:00:00'
WARNING 2026-01-14 20:30:35,635 tasks Ошибка парсинга времени для привычки ID=8, time='19:00:00': unconverted data remains: :00
DEBUG 2026-01-14 20:30:35,635 tasks Обработка привычки ID=4, action='Долгий горячий душ', time='23:00:00'
WARNING 2026-01-14 20:30:35,635 tasks Ошибка парсинга времени для привычки ID=4, time='23:00:00': unconverted data remains: :00
DEBUG 2026-01-14 20:30:35,635 tasks Обработка привычки ID=9, action='отжимание 30 раз', time='07:00:00'
WARNING 2026-01-14 20:30:35,636 tasks Ошибка парсинга времени для привычки ID=9, time='07:00:00': unconverted data remains: :00
DEBUG 2026-01-14 20:30:35,636 tasks Обработка привычки ID=5, action='пробежка 2 км', time='19:07'
DEBUG 2026-01-14 20:30:35,636 tasks Привычка ID=5: время парсится как 19:07
DEBUG 2026-01-14 20:30:35,637 tasks Сравнение: habit_time='19:07' vs current_time='20:30'
DEBUG 2026-01-14 20:30:35,637 tasks Время не совпало для привычки ID=5: 19:07 != 20:30
DEBUG 2026-01-14 20:30:35,637 tasks Обработка привычки ID=10, action='Читать', time='17:13:00'
WARNING 2026-01-14 20:30:35,638 tasks Ошибка парсинга времени для привычки ID=10, time='17:13:00': unconverted data remains: :00
DEBUG 2026-01-14 20:30:35,638 tasks Обработка привычки ID=11, action='Читать', time='17:20:00'
WARNING 2026-01-14 20:30:35,638 tasks Ошибка парсинга времени для привычки ID=11, time='17:20:00': unconverted data remains: :00
DEBUG 2026-01-14 20:30:35,639 tasks Обработка привычки ID=12, action='Читать 2', time='20:22:00'
WARNING 2026-01-14 20:30:35,639 tasks Ошибка парсинга времени для привычки ID=12, time='20:22:00': unconverted data remains: :00
DEBUG 2026-01-14 20:30:35,639 tasks Обработка привычки ID=13, action='Читать 3', time='17:22:00'
WARNING 2026-01-14 20:30:35,640 tasks Ошибка парсинга времени для привычки ID=13, time='17:22:00': unconverted data remains: :00
INFO 2026-01-14 20:30:35,640 tasks === Завершение задачи send_habit_reminders ===
INFO 2026-01-14 20:31:35,449 tasks === Запуск задачи send_habit_reminders ===
INFO 2026-01-14 20:31:35,449 tasks UTC время: 2026-01-14 17:31:35 UTC
INFO 2026-01-14 20:31:35,449 tasks Локальное время (Europe/Moscow): 2026-01-14 20:31:35 MSK
INFO 2026-01-14 20:31:35,450 tasks Текущее время для сравнения: 20:31
INFO 2026-01-14 20:31:35,538 tasks Найдено привычек в базе: 13
DEBUG 2026-01-14 20:31:35,541 tasks Обработка привычки ID=2, action='Читать книгу', time='20:00:00'
WARNING 2026-01-14 20:31:35,542 tasks Ошибка парсинга времени для привычки ID=2, time='20:00:00': unconverted data remains: :00
DEBUG 2026-01-14 20:31:35,542 tasks Обработка привычки ID=3, action='Зарядка утром', time='08:00:00'
WARNING 2026-01-14 20:31:35,542 tasks Ошибка парсинга времени для привычки ID=3, time='08:00:00': unconverted data remains: :00
DEBUG 2026-01-14 20:31:35,543 tasks Обработка привычки ID=6, action='тренажер английского языка', time='21:00:00'
WARNING 2026-01-14 20:31:35,543 tasks Ошибка парсинга времени для привычки ID=6, time='21:00:00': unconverted data remains: :00
DEBUG 2026-01-14 20:31:35,543 tasks Обработка привычки ID=1, action='читать любимую книгу', time='20:00:00'
WARNING 2026-01-14 20:31:35,543 tasks Ошибка парсинга времени для привычки ID=1, time='20:00:00': unconverted data remains: :00
DEBUG 2026-01-14 20:31:35,544 tasks Обработка привычки ID=7, action='уборка дома', time='12:00:00'
WARNING 2026-01-14 20:31:35,544 tasks Ошибка парсинга времени для привычки ID=7, time='12:00:00': unconverted data remains: :00
DEBUG 2026-01-14 20:31:35,544 tasks Обработка привычки ID=8, action='просмотр ленты VK', time='19:00:00'
WARNING 2026-01-14 20:31:35,544 tasks Ошибка парсинга времени для привычки ID=8, time='19:00:00': unconverted data remains: :00
DEBUG 2026-01-14 20:31:35,544 tasks Обработка привычки ID=4, action='Долгий горячий душ', time='23:00:00'
WARNING 2026-01-14 20:31:35,544 tasks Ошибка парсинга времени для привычки ID=4, time='23:00:00': unconverted data remains: :00
DEBUG 2026-01-14 20:31:35,545 tasks Обработка привычки ID=9, action='отжимание 30 раз', time='07:00:00'
WARNING 2026-01-14 20:31:35,545 tasks Ошибка парсинга времени для привычки ID=9, time='07:00:00': unconverted data remains: :00
DEBUG 2026-01-14 20:31:35,546 tasks Обработка привычки ID=5, action='пробежка 2 км', time='19:07'
DEBUG 2026-01-14 20:31:35,546 tasks Привычка ID=5: время парсится как 19:07
DEBUG 2026-01-14 20:31:35,546 tasks Сравнение: habit_time='19:07' vs current_time='20:31'
DEBUG 2026-01-14 20:31:35,547 tasks Время не совпало для привычки ID=5: 19:07 != 20:31
DEBUG 2026-01-14 20:31:35,547 tasks Обработка привычки ID=10, action='Читать', time='17:13:00'
WARNING 2026-01-14 20:31:35,547 tasks Ошибка парсинга времени для привычки ID=10, time='17:13:00': unconverted data remains: :00
DEBUG 2026-01-14 20:31:35,548 tasks Обработка привычки ID=11, action='Читать', time='17:20:00'
WARNING 2026-01-14 20:31:35,548 tasks Ошибка парсинга времени для привычки ID=11, time='17:20:00': unconverted data remains: :00
DEBUG 2026-01-14 20:31:35,549 tasks Обработка привычки ID=12, action='Читать 2', time='20:22:00'
WARNING 2026-01-14 20:31:35,549 tasks Ошибка парсинга времени для привычки ID=12, time='20:22:00': unconverted data remains: :00
DEBUG 2026-01-14 20:31:35,549 tasks Обработка привычки ID=13, action='Читать 3', time='17:22:00'
WARNING 2026-01-14 20:31:35,550 tasks Ошибка парсинга времени для привычки ID=13, time='17:22:00': unconverted data remains: :00
INFO 2026-01-14 20:31:35,550 tasks === Завершение задачи send_habit_reminders ===
INFO 2026-01-14 20:31:35,562 tasks === Запуск задачи send_habit_reminders ===
INFO 2026-01-14 20:31:35,562 tasks UTC время: 2026-01-14 17:31:35 UTC
INFO 2026-01-14 20:31:35,563 tasks Локальное время (Europe/Moscow): 2026-01-14 20:31:35 MSK
INFO 2026-01-14 20:31:35,563 tasks Текущее время для сравнения: 20:31
INFO 2026-01-14 20:31:35,642 tasks Найдено привычек в базе: 13
DEBUG 2026-01-14 20:31:35,644 tasks Обработка привычки ID=2, action='Читать книгу', time='20:00:00'
WARNING 2026-01-14 20:31:35,644 tasks Ошибка парсинга времени для привычки ID=2, time='20:00:00': unconverted data remains: :00
DEBUG 2026-01-14 20:31:35,644 tasks Обработка привычки ID=3, action='Зарядка утром', time='08:00:00'
WARNING 2026-01-14 20:31:35,644 tasks Ошибка парсинга времени для привычки ID=3, time='08:00:00': unconverted data remains: :00
DEBUG 2026-01-14 20:31:35,644 tasks Обработка привычки ID=6, action='тренажер английского языка', time='21:00:00'
WARNING 2026-01-14 20:31:35,644 tasks Ошибка парсинга времени для привычки ID=6, time='21:00:00': unconverted data remains: :00
DEBUG 2026-01-14 20:31:35,644 tasks Обработка привычки ID=1, action='читать любимую книгу', time='20:00:00'
WARNING 2026-01-14 20:31:35,644 tasks Ошибка парсинга времени для привычки ID=1, time='20:00:00': unconverted data remains: :00
DEBUG 2026-01-14 20:31:35,645 tasks Обработка привычки ID=7, action='уборка дома', time='12:00:00'
WARNING 2026-01-14 20:31:35,645 tasks Ошибка парсинга времени для привычки ID=7, time='12:00:00': unconverted data remains: :00
DEBUG 2026-01-14 20:31:35,645 tasks Обработка привычки ID=8, action='просмотр ленты VK', time='19:00:00'
WARNING 2026-01-14 20:31:35,645 tasks Ошибка парсинга времени для привычки ID=8, time='19:00:00': unconverted data remains: :00
DEBUG 2026-01-14 20:31:35,645 tasks Обработка привычки ID=4, action='Долгий горячий душ', time='23:00:00'
WARNING 2026-01-14 20:31:35,645 tasks Ошибка парсинга времени для привычки ID=4, time='23:00:00': unconverted data remains: :00
DEBUG 2026-01-14 20:31:35,645 tasks Обработка привычки ID=9, action='отжимание 30 раз', time='07:00:00'
WARNING 2026-01-14 20:31:35,645 tasks Ошибка парсинга времени для привычки ID=9, time='07:00:00': unconverted data remains: :00
DEBUG 2026-01-14 20:31:35,645 tasks Обработка привычки ID=5, action='пробежка 2 км', time='19:07'
DEBUG 2026-01-14 20:31:35,646 tasks Привычка ID=5: время парсится как 19:07
DEBUG 2026-01-14 20:31:35,646 tasks Сравнение: habit_time='19:07' vs current_time='20:31'
DEBUG 2026-01-14 20:31:35,646 tasks Время не совпало для привычки ID=5: 19:07 != 20:31
DEBUG 2026-01-14 20:31:35,646 tasks Обработка привычки ID=10, action='Читать', time='17:13:00'
WARNING 2026-01-14 20:31:35,646 tasks Ошибка парсинга времени для привычки ID=10, time='17:13:00': unconverted data remains: :00
DEBUG 2026-01-14 20:31:35,646 tasks Обработка привычки ID=11, action='Читать', time='17:20:00'
WARNING 2026-01-14 20:31:35,646 tasks Ошибка парсинга времени для привычки ID=11, time='17:20:00': unconverted data remains: :00
DEBUG 2026-01-14 20:31:35,646 tasks Обработка привычки ID=12, action='Читать 2', time='20:22:00'
WARNING 2026-01-14 20:31:35,646 tasks Ошибка парсинга времени для привычки ID=12, time='20:22:00': unconverted data remains: :00
DEBUG 2026-01-14 20:31:35,646 tasks Обработка привычки ID=13, action='Читать 3', time='17:22:00'
WARNING 2026-01-14 20:31:35,647 tasks Ошибка парсинга времени для привычки ID=13, time='17:22:00': unconverted data remains: :00
INFO 2026-01-14 20:31:35,647 tasks === Завершение задачи send_habit_reminders ===
INFO 2026-01-14 20:32:35,616 tasks === Запуск задачи send_habit_reminders ===
INFO 2026-01-14 20:32:35,617 tasks UTC время: 2026-01-14 17:32:35 UTC
INFO 2026-01-14 20:32:35,617 tasks Локальное время (Europe/Moscow): 2026-01-14 20:32:35 MSK
INFO 2026-01-14 20:32:35,617 tasks Текущее время для сравнения: 20:32
INFO 2026-01-14 20:32:35,694 tasks Найдено привычек в базе: 13
DEBUG 2026-01-14 20:32:35,696 tasks Обработка привычки ID=2, action='Читать книгу', time='20:00:00'
WARNING 2026-01-14 20:32:35,697 tasks Ошибка парсинга времени для привычки ID=2, time='20:00:00': unconverted data remains: :00
DEBUG 2026-01-14 20:32:35,697 tasks Обработка привычки ID=3, action='Зарядка утром', time='08:00:00'
WARNING 2026-01-14 20:32:35,697 tasks Ошибка парсинга времени для привычки ID=3, time='08:00:00': unconverted data remains: :00
DEBUG 2026-01-14 20:32:35,698 tasks Обработка привычки ID=6, action='тренажер английского языка', time='21:00:00'
WARNING 2026-01-14 20:32:35,698 tasks Ошибка парсинга времени для привычки ID=6, time='21:00:00': unconverted data remains: :00
DEBUG 2026-01-14 20:32:35,698 tasks Обработка привычки ID=1, action='читать любимую книгу', time='20:00:00'
WARNING 2026-01-14 20:32:35,698 tasks Ошибка парсинга времени для привычки ID=1, time='20:00:00': unconverted data remains: :00
DEBUG 2026-01-14 20:32:35,699 tasks Обработка привычки ID=7, action='уборка дома', time='12:00:00'
WARNING 2026-01-14 20:32:35,699 tasks Ошибка парсинга времени для привычки ID=7, time='12:00:00': unconverted data remains: :00
DEBUG 2026-01-14 20:32:35,699 tasks Обработка привычки ID=8, action='просмотр ленты VK', time='19:00:00'
WARNING 2026-01-14 20:32:35,699 tasks Ошибка парсинга времени для привычки ID=8, time='19:00:00': unconverted data remains: :00
DEBUG 2026-01-14 20:32:35,699 tasks Обработка привычки ID=4, action='Долгий горячий душ', time='23:00:00'
WARNING 2026-01-14 20:32:35,700 tasks Ошибка парсинга времени для привычки ID=4, time='23:00:00': unconverted data remains: :00
DEBUG 2026-01-14 20:32:35,700 tasks Обработка привычки ID=9, action='отжимание 30 раз', time='07:00:00'
WARNING 2026-01-14 20:32:35,700 tasks Ошибка парсинга времени для привычки ID=9, time='07:00:00': unconverted data remains: :00
DEBUG 2026-01-14 20:32:35,700 tasks Обработка привычки ID=5, action='пробежка 2 км', time='19:07'
DEBUG 2026-01-14 20:32:35,700 tasks Привычка ID=5: время парсится как 19:07
DEBUG 2026-01-14 20:32:35,701 tasks Сравнение: habit_time='19:07' vs current_time='20:32'
DEBUG 2026-01-14 20:32:35,701 tasks Время не совпало для привычки ID=5: 19:07 != 20:32
DEBUG 2026-01-14 20:32:35,701 tasks Обработка привычки ID=10, action='Читать', time='17:13:00'
WARNING 2026-01-14 20:32:35,701 tasks Ошибка парсинга времени для привычки ID=10, time='17:13:00': unconverted data remains: :00
DEBUG 2026-01-14 20:32:35,701 tasks Обработка привычки ID=11, action='Читать', time='17:20:00'
WARNING 2026-01-14 20:32:35,701 tasks Ошибка парсинга времени для привычки ID=11, time='17:20:00': unconverted data remains: :00
DEBUG 2026-01-14 20:32:35,702 tasks Обработка привычки ID=12, action='Читать 2', time='20:22:00'
WARNING 2026-01-14 20:32:35,702 tasks Ошибка парсинга времени для привычки ID=12, time='20:22:00': unconverted data remains: :00
DEBUG 2026-01-14 20:32:35,702 tasks Обработка привычки ID=13, action='Читать 3', time='17:22:00'
WARNING 2026-01-14 20:32:35,702 tasks Ошибка парсинга времени для привычки ID=13, time='17:22:00': unconverted data remains: :00
INFO 2026-01-14 20:32:35,702 tasks === Завершение задачи send_habit_reminders ===
INFO 2026-01-14 20:32:35,712 tasks === Запуск задачи send_habit_reminders ===
INFO 2026-01-14 20:32:35,712 tasks UTC время: 2026-01-14 17:32:35 UTC
INFO 2026-01-14 20:32:35,713 tasks Локальное время (Europe/Moscow): 2026-01-14 20:32:35 MSK
INFO 2026-01-14 20:32:35,713 tasks Текущее время для сравнения: 20:32
INFO 2026-01-14 20:32:35,785 tasks Найдено привычек в базе: 13
DEBUG 2026-01-14 20:32:35,786 tasks Обработка привычки ID=2, action='Читать книгу', time='20:00:00'
WARNING 2026-01-14 20:32:35,786 tasks Ошибка парсинга времени для привычки ID=2, time='20:00:00': unconverted data remains: :00
DEBUG 2026-01-14 20:32:35,787 tasks Обработка привычки ID=3, action='Зарядка утром', time='08:00:00'
WARNING 2026-01-14 20:32:35,787 tasks Ошибка парсинга времени для привычки ID=3, time='08:00:00': unconverted data remains: :00
DEBUG 2026-01-14 20:32:35,787 tasks Обработка привычки ID=6, action='тренажер английского языка', time='21:00:00'
WARNING 2026-01-14 20:32:35,787 tasks Ошибка парсинга времени для привычки ID=6, time='21:00:00': unconverted data remains: :00
DEBUG 2026-01-14 20:32:35,787 tasks Обработка привычки ID=1, action='читать любимую книгу', time='20:00:00'
WARNING 2026-01-14 20:32:35,788 tasks Ошибка парсинга времени для привычки ID=1, time='20:00:00': unconverted data remains: :00
DEBUG 2026-01-14 20:32:35,788 tasks Обработка привычки ID=7, action='уборка дома', time='12:00:00'
WARNING 2026-01-14 20:32:35,788 tasks Ошибка парсинга времени для привычки ID=7, time='12:00:00': unconverted data remains: :00
DEBUG 2026-01-14 20:32:35,788 tasks Обработка привычки ID=8, action='просмотр ленты VK', time='19:00:00'
WARNING 2026-01-14 20:32:35,788 tasks Ошибка парсинга времени для привычки ID=8, time='19:00:00': unconverted data remains: :00
DEBUG 2026-01-14 20:32:35,788 tasks Обработка привычки ID=4, action='Долгий горячий душ', time='23:00:00'
WARNING 2026-01-14 20:32:35,789 tasks Ошибка парсинга времени для привычки ID=4, time='23:00:00': unconverted data remains: :00
DEBUG 2026-01-14 20:32:35,789 tasks Обработка привычки ID=9, action='отжимание 30 раз', time='07:00:00'
WARNING 2026-01-14 20:32:35,789 tasks Ошибка парсинга времени для привычки ID=9, time='07:00:00': unconverted data remains: :00
DEBUG 2026-01-14 20:32:35,789 tasks Обработка привычки ID=5, action='пробежка 2 км', time='19:07'
DEBUG 2026-01-14 20:32:35,789 tasks Привычка ID=5: время парсится как 19:07
DEBUG 2026-01-14 20:32:35,790 tasks Сравнение: habit_time='19:07' vs current_time='20:32'
DEBUG 2026-01-14 20:32:35,790 tasks Время не совпало для привычки ID=5: 19:07 != 20:32
DEBUG 2026-01-14 20:32:35,790 tasks Обработка привычки ID=10, action='Читать', time='17:13:00'
WARNING 2026-01-14 20:32:35,790 tasks Ошибка парсинга времени для привычки ID=10, time='17:13:00': unconverted data remains: :00
DEBUG 2026-01-14 20:32:35,790 tasks Обработка привычки ID=11, action='Читать', time='17:20:00'
WARNING 2026-01-14 20:32:35,790 tasks Ошибка парсинга времени для привычки ID=11, time='17:20:00': unconverted data remains: :00
DEBUG 2026-01-14 20:32:35,790 tasks Обработка привычки ID=12, action='Читать 2', time='20:22:00'
WARNING 2026-01-14 20:32:35,790 tasks Ошибка парсинга времени для привычки ID=12, time='20:22:00': unconverted data remains: :00
DEBUG 2026-01-14 20:32:35,791 tasks Обработка привычки ID=13, action='Читать 3', time='17:22:00'
WARNING 2026-01-14 20:32:35,791 tasks Ошибка парсинга времени для привычки ID=13, time='17:22:00': unconverted data remains: :00
INFO 2026-01-14 20:32:35,791 tasks === Завершение задачи send_habit_reminders ===
INFO 2026-01-14 20:33:35,678 tasks === Запуск задачи send_habit_reminders ===
INFO 2026-01-14 20:33:35,678 tasks UTC время: 2026-01-14 17:33:35 UTC
INFO 2026-01-14 20:33:35,679 tasks Локальное время (Europe/Moscow): 2026-01-14 20:33:35 MSK
INFO 2026-01-14 20:33:35,679 tasks Текущее время для сравнения: 20:33
INFO 2026-01-14 20:33:35,752 tasks Найдено привычек в базе: 13
DEBUG 2026-01-14 20:33:35,753 tasks Обработка привычки ID=2, action='Читать книгу', time='20:00:00'
WARNING 2026-01-14 20:33:35,754 tasks Ошибка парсинга времени для привычки ID=2, time='20:00:00': unconverted data remains: :00
DEBUG 2026-01-14 20:33:35,754 tasks Обработка привычки ID=3, action='Зарядка утром', time='08:00:00'
WARNING 2026-01-14 20:33:35,754 tasks Ошибка парсинга времени для привычки ID=3, time='08:00:00': unconverted data remains: :00
DEBUG 2026-01-14 20:33:35,754 tasks Обработка привычки ID=6, action='тренажер английского языка', time='21:00:00'
WARNING 2026-01-14 20:33:35,754 tasks Ошибка парсинга времени для привычки ID=6, time='21:00:00': unconverted data remains: :00
DEBUG 2026-01-14 20:33:35,755 tasks Обработка привычки ID=1, action='читать любимую книгу', time='20:00:00'
WARNING 2026-01-14 20:33:35,755 tasks Ошибка парсинга времени для привычки ID=1, time='20:00:00': unconverted data remains: :00
DEBUG 2026-01-14 20:33:35,755 tasks Обработка привычки ID=7, action='уборка дома', time='12:00:00'
WARNING 2026-01-14 20:33:35,755 tasks Ошибка парсинга времени для привычки ID=7, time='12:00:00': unconverted data remains: :00
DEBUG 2026-01-14 20:33:35,755 tasks Обработка привычки ID=8, action='просмотр ленты VK', time='19:00:00'
WARNING 2026-01-14 20:33:35,756 tasks Ошибка парсинга времени для привычки ID=8, time='19:00:00': unconverted data remains: :00
DEBUG 2026-01-14 20:33:35,756 tasks Обработка привычки ID=4, action='Долгий горячий душ', time='23:00:00'
WARNING 2026-01-14 20:33:35,756 tasks Ошибка парсинга времени для привычки ID=4, time='23:00:00': unconverted data remains: :00
DEBUG 2026-01-14 20:33:35,756 tasks Обработка привычки ID=9, action='отжимание 30 раз', time='07:00:00'
WARNING 2026-01-14 20:33:35,756 tasks Ошибка парсинга времени для привычки ID=9, time='07:00:00': unconverted data remains: :00
DEBUG 2026-01-14 20:33:35,756 tasks Обработка привычки ID=5, action='пробежка 2 км', time='19:07'
DEBUG 2026-01-14 20:33:35,757 tasks Привычка ID=5: время парсится как 19:07
DEBUG 2026-01-14 20:33:35,757 tasks Сравнение: habit_time='19:07' vs current_time='20:33'
DEBUG 2026-01-14 20:33:35,757 tasks Время не совпало для привычки ID=5: 19:07 != 20:33
DEBUG 2026-01-14 20:33:35,757 tasks Обработка привычки ID=10, action='Читать', time='17:13:00'
WARNING 2026-01-14 20:33:35,757 tasks Ошибка парсинга времени для привычки ID=10, time='17:13:00': unconverted data remains: :00
DEBUG 2026-01-14 20:33:35,758 tasks Обработка привычки ID=11, action='Читать', time='17:20:00'
WARNING 2026-01-14 20:33:35,758 tasks Ошибка парсинга времени для привычки ID=11, time='17:20:00': unconverted data remains: :00
DEBUG 2026-01-14 20:33:35,758 tasks Обработка привычки ID=12, action='Читать 2', time='20:22:00'
WARNING 2026-01-14 20:33:35,758 tasks Ошибка парсинга времени для привычки ID=12, time='20:22:00': unconverted data remains: :00
DEBUG 2026-01-14 20:33:35,758 tasks Обработка привычки ID=13, action='Читать 3', time='17:22:00'
WARNING 2026-01-14 20:33:35,758 tasks Ошибка парсинга времени для привычки ID=13, time='17:22:00': unconverted data remains: :00
INFO 2026-01-14 20:33:35,758 tasks === Завершение задачи send_habit_reminders ===
INFO 2026-01-14 20:33:35,851 tasks === Запуск задачи send_habit_reminders ===
INFO 2026-01-14 20:33:35,851 tasks UTC время: 2026-01-14 17:33:35 UTC
INFO 2026-01-14 20:33:35,852 tasks Локальное время (Europe/Moscow): 2026-01-14 20:33:35 MSK
INFO 2026-01-14 20:33:35,852 tasks Текущее время для сравнения: 20:33
INFO 2026-01-14 20:33:35,929 tasks Найдено привычек в базе: 13
DEBUG 2026-01-14 20:33:35,931 tasks Обработка привычки ID=2, action='Читать книгу', time='20:00:00'
WARNING 2026-01-14 20:33:35,931 tasks Ошибка парсинга времени для привычки ID=2, time='20:00:00': unconverted data remains: :00
DEBUG 2026-01-14 20:33:35,932 tasks Обработка привычки ID=3, action='Зарядка утром', time='08:00:00'
WARNING 2026-01-14 20:33:35,932 tasks Ошибка парсинга времени для привычки ID=3, time='08:00:00': unconverted data remains: :00
DEBUG 2026-01-14 20:33:35,932 tasks Обработка привычки ID=6, action='тренажер английского языка', time='21:00:00'
WARNING 2026-01-14 20:33:35,932 tasks Ошибка парсинга времени для привычки ID=6, time='21:00:00': unconverted data remains: :00
DEBUG 2026-01-14 20:33:35,932 tasks Обработка привычки ID=1, action='читать любимую книгу', time='20:00:00'
WARNING 2026-01-14 20:33:35,932 tasks Ошибка парсинга времени для привычки ID=1, time='20:00:00': unconverted data remains: :00
DEBUG 2026-01-14 20:33:35,933 tasks Обработка привычки ID=7, action='уборка дома', time='12:00:00'
WARNING 2026-01-14 20:33:35,933 tasks Ошибка парсинга времени для привычки ID=7, time='12:00:00': unconverted data remains: :00
DEBUG 2026-01-14 20:33:35,933 tasks Обработка привычки ID=8, action='просмотр ленты VK', time='19:00:00'
WARNING 2026-01-14 20:33:35,933 tasks Ошибка парсинга времени для привычки ID=8, time='19:00:00': unconverted data remains: :00
DEBUG 2026-01-14 20:33:35,933 tasks Обработка привычки ID=4, action='Долгий горячий душ', time='23:00:00'
WARNING 2026-01-14 20:33:35,933 tasks Ошибка парсинга времени для привычки ID=4, time='23:00:00': unconverted data remains: :00
DEBUG 2026-01-14 20:33:35,934 tasks Обработка привычки ID=9, action='отжимание 30 раз', time='07:00:00'
WARNING 2026-01-14 20:33:35,934 tasks Ошибка парсинга времени для привычки ID=9, time='07:00:00': unconverted data remains: :00
DEBUG 2026-01-14 20:33:35,934 tasks Обработка привычки ID=5, action='пробежка 2 км', time='19:07'
DEBUG 2026-01-14 20:33:35,934 tasks Привычка ID=5: время парсится как 19:07
DEBUG 2026-01-14 20:33:35,934 tasks Сравнение: habit_time='19:07' vs current_time='20:33'
DEBUG 2026-01-14 20:33:35,934 tasks Время не совпало для привычки ID=5: 19:07 != 20:33
DEBUG 2026-01-14 20:33:35,935 tasks Обработка привычки ID=10, action='Читать', time='17:13:00'
WARNING 2026-01-14 20:33:35,935 tasks Ошибка парсинга времени для привычки ID=10, time='17:13:00': unconverted data remains: :00
DEBUG 2026-01-14 20:33:35,935 tasks Обработка привычки ID=11, action='Читать', time='17:20:00'
WARNING 2026-01-14 20:33:35,935 tasks Ошибка парсинга времени для привычки ID=11, time='17:20:00': unconverted data remains: :00
DEBUG 2026-01-14 20:33:35,935 tasks Обработка привычки ID=12, action='Читать 2', time='20:22:00'
WARNING 2026-01-14 20:33:35,935 tasks Ошибка парсинга времени для привычки ID=12, time='20:22:00': unconverted data remains: :00
DEBUG 2026-01-14 20:33:35,936 tasks Обработка привычки ID=13, action='Читать 3', time='17:22:00'
WARNING 2026-01-14 20:33:35,936 tasks Ошибка парсинга времени для привычки ID=13, time='17:22:00': unconverted data remains: :00
INFO 2026-01-14 20:33:35,936 tasks === Завершение задачи send_habit_reminders ===
INFO 2026-01-14 20:34:36,220 tasks === Запуск задачи send_habit_reminders ===
INFO 2026-01-14 20:34:36,221 tasks UTC время: 2026-01-14 17:34:36 UTC
INFO 2026-01-14 20:34:36,221 tasks Локальное время (Europe/Moscow): 2026-01-14 20:34:36 MSK
INFO 2026-01-14 20:34:36,221 tasks Текущее время для сравнения: 20:34
INFO 2026-01-14 20:34:36,298 tasks Найдено привычек в базе: 13
DEBUG 2026-01-14 20:34:36,300 tasks Обработка привычки ID=2, action='Читать книгу', time='20:00:00'
WARNING 2026-01-14 20:34:36,300 tasks Ошибка парсинга времени для привычки ID=2, time='20:00:00': unconverted data remains: :00
DEBUG 2026-01-14 20:34:36,301 tasks Обработка привычки ID=3, action='Зарядка утром', time='08:00:00'
WARNING 2026-01-14 20:34:36,301 tasks Ошибка парсинга времени для привычки ID=3, time='08:00:00': unconverted data remains: :00
DEBUG 2026-01-14 20:34:36,301 tasks Обработка привычки ID=6, action='тренажер английского языка', time='21:00:00'
WARNING 2026-01-14 20:34:36,301 tasks Ошибка парсинга времени для привычки ID=6, time='21:00:00': unconverted data remains: :00
DEBUG 2026-01-14 20:34:36,302 tasks Обработка привычки ID=1, action='читать любимую книгу', time='20:00:00'
WARNING 2026-01-14 20:34:36,302 tasks Ошибка парсинга времени для привычки ID=1, time='20:00:00': unconverted data remains: :00
DEBUG 2026-01-14 20:34:36,302 tasks Обработка привычки ID=7, action='уборка дома', time='12:00:00'
WARNING 2026-01-14 20:34:36,303 tasks Ошибка парсинга времени для привычки ID=7, time='12:00:00': unconverted data remains: :00
DEBUG 2026-01-14 20:34:36,303 tasks Обработка привычки ID=8, action='просмотр ленты VK', time='19:00:00'
WARNING 2026-01-14 20:34:36,303 tasks Ошибка парсинга времени для привычки ID=8, time='19:00:00': unconverted data remains: :00
DEBUG 2026-01-14 20:34:36,303 tasks Обработка привычки ID=4, action='Долгий горячий душ', time='23:00:00'
WARNING 2026-01-14 20:34:36,304 tasks Ошибка парсинга времени для привычки ID=4, time='23:00:00': unconverted data remains: :00
DEBUG 2026-01-14 20:34:36,304 tasks Обработка привычки ID=9, action='отжимание 30 раз', time='07:00:00'
WARNING 2026-01-14 20:34:36,304 tasks Ошибка парсинга времени для привычки ID=9, time='07:00:00': unconverted data remains: :00
DEBUG 2026-01-14 20:34:36,304 tasks Обработка привычки ID=5, action='пробежка 2 км', time='19:07'
DEBUG 2026-01-14 20:34:36,305 tasks Привычка ID=5: время парсится как 19:07
DEBUG 2026-01-14 20:34:36,305 tasks Сравнение: habit_time='19:07' vs current_time='20:34'
DEBUG 2026-01-14 20:34:36,306 tasks Время не совпало для привычки ID=5: 19:07 != 20:34
DEBUG 2026-01-14 20:34:36,306 tasks Обработка привычки ID=10, action='Читать', time='17:13:00'
WARNING 2026-01-14 20:34:36,306 tasks Ошибка парсинга времени для привычки ID=10, time='17:13:00': unconverted data remains: :00
DEBUG 2026-01-14 20:34:36,306 tasks Обработка привычки ID=11, action='Читать', time='17:20:00'
WARNING 2026-01-14 20:34:36,307 tasks Ошибка парсинга времени для привычки ID=11, time='17:20:00': unconverted data remains: :00
DEBUG 2026-01-14 20:34:36,307 tasks Обработка привычки ID=12, action='Читать 2', time='20:22:00'
WARNING 2026-01-14 20:34:36,307 tasks Ошибка парсинга времени для привычки ID=12, time='20:22:00': unconverted data remains: :00
DEBUG 2026-01-14 20:34:36,307 tasks Обработка привычки ID=13, action='Читать 3', time='17:22:00'
WARNING 2026-01-14 20:34:36,307 tasks Ошибка парсинга времени для привычки ID=13, time='17:22:00': unconverted data remains: :00
INFO 2026-01-14 20:34:36,307 tasks === Завершение задачи send_habit_reminders ===
INFO 2026-01-14 20:34:36,317 tasks === Запуск задачи send_habit_reminders ===
INFO 2026-01-14 20:34:36,318 tasks UTC время: 2026-01-14 17:34:36 UTC
INFO 2026-01-14 20:34:36,318 tasks Локальное время (Europe/Moscow): 2026-01-14 20:34:36 MSK
INFO 2026-01-14 20:34:36,319 tasks Текущее время для сравнения: 20:34
INFO 2026-01-14 20:34:36,388 tasks Найдено привычек в базе: 13
DEBUG 2026-01-14 20:34:36,389 tasks Обработка привычки ID=2, action='Читать книгу', time='20:00:00'
WARNING 2026-01-14 20:34:36,389 tasks Ошибка парсинга времени для привычки ID=2, time='20:00:00': unconverted data remains: :00
DEBUG 2026-01-14 20:34:36,389 tasks Обработка привычки ID=3, action='Зарядка утром', time='08:00:00'
WARNING 2026-01-14 20:34:36,390 tasks Ошибка парсинга времени для привычки ID=3, time='08:00:00': unconverted data remains: :00
DEBUG 2026-01-14 20:34:36,390 tasks Обработка привычки ID=6, action='тренажер английского языка', time='21:00:00'
WARNING 2026-01-14 20:34:36,390 tasks Ошибка парсинга времени для привычки ID=6, time='21:00:00': unconverted data remains: :00
DEBUG 2026-01-14 20:34:36,390 tasks Обработка привычки ID=1, action='читать любимую книгу', time='20:00:00'
WARNING 2026-01-14 20:34:36,391 tasks Ошибка парсинга времени для привычки ID=1, time='20:00:00': unconverted data remains: :00
DEBUG 2026-01-14 20:34:36,391 tasks Обработка привычки ID=7, action='уборка дома', time='12:00:00'
WARNING 2026-01-14 20:34:36,391 tasks Ошибка парсинга времени для привычки ID=7, time='12:00:00': unconverted data remains: :00
DEBUG 2026-01-14 20:34:36,391 tasks Обработка привычки ID=8, action='просмотр ленты VK', time='19:00:00'
WARNING 2026-01-14 20:34:36,391 tasks Ошибка парсинга времени для привычки ID=8, time='19:00:00': unconverted data remains: :00
DEBUG 2026-01-14 20:34:36,391 tasks Обработка привычки ID=4, action='Долгий горячий душ', time='23:00:00'
WARNING 2026-01-14 20:34:36,392 tasks Ошибка парсинга времени для привычки ID=4, time='23:00:00': unconverted data remains: :00
DEBUG 2026-01-14 20:34:36,392 tasks Обработка привычки ID=9, action='отжимание 30 раз', time='07:00:00'
WARNING 2026-01-14 20:34:36,392 tasks Ошибка парсинга времени для привычки ID=9, time='07:00:00': unconverted data remains: :00
DEBUG 2026-01-14 20:34:36,392 tasks Обработка привычки ID=5, action='пробежка 2 км', time='19:07'
DEBUG 2026-01-14 20:34:36,393 tasks Привычка ID=5: время парсится как 19:07
DEBUG 2026-01-14 20:34:36,393 tasks Сравнение: habit_time='19:07' vs current_time='20:34'
DEBUG 2026-01-14 20:34:36,393 tasks Время не совпало для привычки ID=5: 19:07 != 20:34
DEBUG 2026-01-14 20:34:36,393 tasks Обработка привычки ID=10, action='Читать', time='17:13:00'
WARNING 2026-01-14 20:34:36,393 tasks Ошибка парсинга времени для привычки ID=10, time='17:13:00': unconverted data remains: :00
DEBUG 2026-01-14 20:34:36,394 tasks Обработка привычки ID=11, action='Читать', time='17:20:00'
WARNING 2026-01-14 20:34:36,394 tasks Ошибка парсинга времени для привычки ID=11, time='17:20:00': unconverted data remains: :00
DEBUG 2026-01-14 20:34:36,394 tasks Обработка привычки ID=12, action='Читать 2', time='20:22:00'
WARNING 2026-01-14 20:34:36,394 tasks Ошибка парсинга времени для привычки ID=12, time='20:22:00': unconverted data remains: :00
DEBUG 2026-01-14 20:34:36,395 tasks Обработка привычки ID=13, action='Читать 3', time='17:22:00'
WARNING 2026-01-14 20:34:36,395 tasks Ошибка парсинга времени для привычки ID=13, time='17:22:00': unconverted data remains: :00
INFO 2026-01-14 20:34:36,395 tasks === Завершение задачи send_habit_reminders ===
INFO 2026-01-14 20:35:36,377 tasks === Запуск задачи send_habit_reminders ===
INFO 2026-01-14 20:35:36,378 tasks UTC время: 2026-01-14 17:35:36 UTC
INFO 2026-01-14 20:35:36,378 tasks Локальное время (Europe/Moscow): 2026-01-14 20:35:36 MSK
INFO 2026-01-14 20:35:36,378 tasks Текущее время для сравнения: 20:35
INFO 2026-01-14 20:35:36,458 tasks Найдено привычек в базе: 13
DEBUG 2026-01-14 20:35:36,460 tasks Обработка привычки ID=2, action='Читать книгу', time='20:00:00'
WARNING 2026-01-14 20:35:36,460 tasks Ошибка парсинга времени для привычки ID=2, time='20:00:00': unconverted data remains: :00
DEBUG 2026-01-14 20:35:36,461 tasks Обработка привычки ID=3, action='Зарядка утром', time='08:00:00'
WARNING 2026-01-14 20:35:36,461 tasks Ошибка парсинга времени для привычки ID=3, time='08:00:00': unconverted data remains: :00
DEBUG 2026-01-14 20:35:36,461 tasks Обработка привычки ID=6, action='тренажер английского языка', time='21:00:00'
WARNING 2026-01-14 20:35:36,462 tasks Ошибка парсинга времени для привычки ID=6, time='21:00:00': unconverted data remains: :00
DEBUG 2026-01-14 20:35:36,462 tasks Обработка привычки ID=1, action='читать любимую книгу', time='20:00:00'
WARNING 2026-01-14 20:35:36,462 tasks Ошибка парсинга времени для привычки ID=1, time='20:00:00': unconverted data remains: :00
DEBUG 2026-01-14 20:35:36,462 tasks Обработка привычки ID=7, action='уборка дома', time='12:00:00'
WARNING 2026-01-14 20:35:36,463 tasks Ошибка парсинга времени для привычки ID=7, time='12:00:00': unconverted data remains: :00
DEBUG 2026-01-14 20:35:36,463 tasks Обработка привычки ID=8, action='просмотр ленты VK', time='19:00:00'
WARNING 2026-01-14 20:35:36,463 tasks Ошибка парсинга времени для привычки ID=8, time='19:00:00': unconverted data remains: :00
DEBUG 2026-01-14 20:35:36,464 tasks Обработка привычки ID=4, action='Долгий горячий душ', time='23:00:00'
WARNING 2026-01-14 20:35:36,464 tasks Ошибка парсинга времени для привычки ID=4, time='23:00:00': unconverted data remains: :00
DEBUG 2026-01-14 20:35:36,464 tasks Обработка привычки ID=9, action='отжимание 30 раз', time='07:00:00'
WARNING 2026-01-14 20:35:36,464 tasks Ошибка парсинга времени для привычки ID=9, time='07:00:00': unconverted data remains: :00
DEBUG 2026-01-14 20:35:36,465 tasks Обработка привычки ID=5, action='пробежка 2 км', time='19:07'
DEBUG 2026-01-14 20:35:36,465 tasks Привычка ID=5: время парсится как 19:07
DEBUG 2026-01-14 20:35:36,465 tasks Сравнение: habit_time='19:07' vs current_time='20:35'
DEBUG 2026-01-14 20:35:36,465 tasks Время не совпало для привычки ID=5: 19:07 != 20:35
DEBUG 2026-01-14 20:35:36,465 tasks Обработка привычки ID=10, action='Читать', time='17:13:00'
WARNING 2026-01-14 20:35:36,466 tasks Ошибка парсинга времени для привычки ID=10, time='17:13:00': unconverted data remains: :00
DEBUG 2026-01-14 20:35:36,466 tasks Обработка привычки ID=11, action='Читать', time='17:20:00'
WARNING 2026-01-14 20:35:36,466 tasks Ошибка парсинга времени для привычки ID=11, time='17:20:00': unconverted data remains: :00
DEBUG 2026-01-14 20:35:36,466 tasks Обработка привычки ID=12, action='Читать 2', time='20:22:00'
WARNING 2026-01-14 20:35:36,466 tasks Ошибка парсинга времени для привычки ID=12, time='20:22:00': unconverted data remains: :00
DEBUG 2026-01-14 20:35:36,466 tasks Обработка привычки ID=13, action='Читать 3', time='17:22:00'
WARNING 2026-01-14 20:35:36,467 tasks Ошибка парсинга времени для привычки ID=13, time='17:22:00': unconverted data remains: :00
INFO 2026-01-14 20:35:36,467 tasks === Завершение задачи send_habit_reminders ===
INFO 2026-01-14 20:35:36,583 tasks === Запуск задачи send_habit_reminders ===
INFO 2026-01-14 20:35:36,584 tasks UTC время: 2026-01-14 17:35:36 UTC
INFO 2026-01-14 20:35:36,584 tasks Локальное время (Europe/Moscow): 2026-01-14 20:35:36 MSK
INFO 2026-01-14 20:35:36,585 tasks Текущее время для сравнения: 20:35
INFO 2026-01-14 20:35:36,693 tasks Найдено привычек в базе: 13
DEBUG 2026-01-14 20:35:36,695 tasks Обработка привычки ID=2, action='Читать книгу', time='20:00:00'
WARNING 2026-01-14 20:35:36,695 tasks Ошибка парсинга времени для привычки ID=2, time='20:00:00': unconverted data remains: :00
DEBUG 2026-01-14 20:35:36,695 tasks Обработка привычки ID=3, action='Зарядка утром', time='08:00:00'
WARNING 2026-01-14 20:35:36,696 tasks Ошибка парсинга времени для привычки ID=3, time='08:00:00': unconverted data remains: :00
DEBUG 2026-01-14 20:35:36,696 tasks Обработка привычки ID=6, action='тренажер английского языка', time='21:00:00'
WARNING 2026-01-14 20:35:36,696 tasks Ошибка парсинга времени для привычки ID=6, time='21:00:00': unconverted data remains: :00
DEBUG 2026-01-14 20:35:36,696 tasks Обработка привычки ID=1, action='читать любимую книгу', time='20:00:00'
WARNING 2026-01-14 20:35:36,696 tasks Ошибка парсинга времени для привычки ID=1, time='20:00:00': unconverted data remains: :00
DEBUG 2026-01-14 20:35:36,697 tasks Обработка привычки ID=7, action='уборка дома', time='12:00:00'
WARNING 2026-01-14 20:35:36,697 tasks Ошибка парсинга времени для привычки ID=7, time='12:00:00': unconverted data remains: :00
DEBUG 2026-01-14 20:35:36,697 tasks Обработка привычки ID=8, action='просмотр ленты VK', time='19:00:00'
WARNING 2026-01-14 20:35:36,698 tasks Ошибка парсинга времени для привычки ID=8, time='19:00:00': unconverted data remains: :00
DEBUG 2026-01-14 20:35:36,698 tasks Обработка привычки ID=4, action='Долгий горячий душ', time='23:00:00'
WARNING 2026-01-14 20:35:36,698 tasks Ошибка парсинга времени для привычки ID=4, time='23:00:00': unconverted data remains: :00
DEBUG 2026-01-14 20:35:36,699 tasks Обработка привычки ID=9, action='отжимание 30 раз', time='07:00:00'
WARNING 2026-01-14 20:35:36,699 tasks Ошибка парсинга времени для привычки ID=9, time='07:00:00': unconverted data remains: :00
DEBUG 2026-01-14 20:35:36,699 tasks Обработка привычки ID=5, action='пробежка 2 км', time='19:07'
DEBUG 2026-01-14 20:35:36,699 tasks Привычка ID=5: время парсится как 19:07
DEBUG 2026-01-14 20:35:36,699 tasks Сравнение: habit_time='19:07' vs current_time='20:35'
DEBUG 2026-01-14 20:35:36,700 tasks Время не совпало для привычки ID=5: 19:07 != 20:35
DEBUG 2026-01-14 20:35:36,700 tasks Обработка привычки ID=10, action='Читать', time='17:13:00'
WARNING 2026-01-14 20:35:36,700 tasks Ошибка парсинга времени для привычки ID=10, time='17:13:00': unconverted data remains: :00
DEBUG 2026-01-14 20:35:36,700 tasks Обработка привычки ID=11, action='Читать', time='17:20:00'
WARNING 2026-01-14 20:35:36,700 tasks Ошибка парсинга времени для привычки ID=11, time='17:20:00': unconverted data remains: :00
DEBUG 2026-01-14 20:35:36,701 tasks Обработка привычки ID=12, action='Читать 2', time='20:22:00'
WARNING 2026-01-14 20:35:36,701 tasks Ошибка парсинга времени для привычки ID=12, time='20:22:00': unconverted data remains: :00
DEBUG 2026-01-14 20:35:36,701 tasks Обработка привычки ID=13, action='Читать 3', time='17:22:00'
WARNING 2026-01-14 20:35:36,702 tasks Ошибка парсинга времени для привычки ID=13, time='17:22:00': unconverted data remains: :00
INFO 2026-01-14 20:35:36,702 tasks === Завершение задачи send_habit_reminders ===
INFO 2026-01-14 20:36:37,457 tasks === Запуск задачи send_habit_reminders ===
INFO 2026-01-14 20:36:37,457 tasks UTC время: 2026-01-14 17:36:37 UTC
INFO 2026-01-14 20:36:37,457 tasks Локальное время (Europe/Moscow): 2026-01-14 20:36:37 MSK
INFO 2026-01-14 20:36:37,457 tasks Текущее время для сравнения: 20:36
INFO 2026-01-14 20:36:41,222 tasks Найдено привычек в базе: 13
DEBUG 2026-01-14 20:36:42,053 tasks Обработка привычки ID=2, action='Читать книгу', time='20:00:00'
WARNING 2026-01-14 20:36:42,053 tasks Ошибка парсинга времени для привычки ID=2, time='20:00:00': unconverted data remains: :00
DEBUG 2026-01-14 20:36:42,053 tasks Обработка привычки ID=3, action='Зарядка утром', time='08:00:00'
WARNING 2026-01-14 20:36:42,054 tasks Ошибка парсинга времени для привычки ID=3, time='08:00:00': unconverted data remains: :00
DEBUG 2026-01-14 20:36:42,054 tasks Обработка привычки ID=6, action='тренажер английского языка', time='21:00:00'
WARNING 2026-01-14 20:36:42,054 tasks Ошибка парсинга времени для привычки ID=6, time='21:00:00': unconverted data remains: :00
DEBUG 2026-01-14 20:36:42,054 tasks Обработка привычки ID=1, action='читать любимую книгу', time='20:00:00'
WARNING 2026-01-14 20:36:42,055 tasks Ошибка парсинга времени для привычки ID=1, time='20:00:00': unconverted data remains: :00
DEBUG 2026-01-14 20:36:42,055 tasks Обработка привычки ID=7, action='уборка дома', time='12:00:00'
WARNING 2026-01-14 20:36:42,055 tasks Ошибка парсинга времени для привычки ID=7, time='12:00:00': unconverted data remains: :00
DEBUG 2026-01-14 20:36:42,055 tasks Обработка привычки ID=8, action='просмотр ленты VK', time='19:00:00'
WARNING 2026-01-14 20:36:42,055 tasks Ошибка парсинга времени для привычки ID=8, time='19:00:00': unconverted data remains: :00
DEBUG 2026-01-14 20:36:42,055 tasks Обработка привычки ID=4, action='Долгий горячий душ', time='23:00:00'
WARNING 2026-01-14 20:36:42,056 tasks Ошибка парсинга времени для привычки ID=4, time='23:00:00': unconverted data remains: :00
DEBUG 2026-01-14 20:36:42,056 tasks Обработка привычки ID=9, action='отжимание 30 раз', time='07:00:00'
WARNING 2026-01-14 20:36:42,056 tasks Ошибка парсинга времени для привычки ID=9, time='07:00:00': unconverted data remains: :00
DEBUG 2026-01-14 20:36:42,056 tasks Обработка привычки ID=5, action='пробежка 2 км', time='19:07'
DEBUG 2026-01-14 20:36:42,056 tasks Привычка ID=5: время парсится как 19:07
DEBUG 2026-01-14 20:36:42,056 tasks Сравнение: habit_time='19:07' vs current_time='20:36'
DEBUG 2026-01-14 20:36:42,057 tasks Время не совпало для привычки ID=5: 19:07 != 20:36
DEBUG 2026-01-14 20:36:42,057 tasks Обработка привычки ID=10, action='Читать', time='17:13:00'
WARNING 2026-01-14 20:36:42,057 tasks Ошибка парсинга времени для привычки ID=10, time='17:13:00': unconverted data remains: :00
DEBUG 2026-01-14 20:36:42,057 tasks Обработка привычки ID=11, action='Читать', time='17:20:00'
WARNING 2026-01-14 20:36:42,057 tasks Ошибка парсинга времени для привычки ID=11, time='17:20:00': unconverted data remains: :00
DEBUG 2026-01-14 20:36:42,057 tasks Обработка привычки ID=12, action='Читать 2', time='20:22:00'
WARNING 2026-01-14 20:36:42,058 tasks Ошибка парсинга времени для привычки ID=12, time='20:22:00': unconverted data remains: :00
DEBUG 2026-01-14 20:36:42,058 tasks Обработка привычки ID=13, action='Читать 3', time='17:22:00'
WARNING 2026-01-14 20:36:42,058 tasks Ошибка парсинга времени для привычки ID=13, time='17:22:00': unconverted data remains: :00
INFO 2026-01-14 20:36:42,058 tasks === Завершение задачи send_habit_reminders ===
INFO 2026-01-14 20:36:42,339 tasks === Запуск задачи send_habit_reminders ===
INFO 2026-01-14 20:36:42,339 tasks UTC время: 2026-01-14 17:36:42 UTC
INFO 2026-01-14 20:36:42,339 tasks Локальное время (Europe/Moscow): 2026-01-14 20:36:42 MSK
INFO 2026-01-14 20:36:42,339 tasks Текущее время для сравнения: 20:36
INFO 2026-01-14 20:36:42,779 tasks Найдено привычек в базе: 13
DEBUG 2026-01-14 20:36:42,780 tasks Обработка привычки ID=2, action='Читать книгу', time='20:00:00'
WARNING 2026-01-14 20:36:42,780 tasks Ошибка парсинга времени для привычки ID=2, time='20:00:00': unconverted data remains: :00
DEBUG 2026-01-14 20:36:42,780 tasks Обработка привычки ID=3, action='Зарядка утром', time='08:00:00'
WARNING 2026-01-14 20:36:42,781 tasks Ошибка парсинга времени для привычки ID=3, time='08:00:00': unconverted data remains: :00
DEBUG 2026-01-14 20:36:42,781 tasks Обработка привычки ID=6, action='тренажер английского языка', time='21:00:00'
WARNING 2026-01-14 20:36:42,781 tasks Ошибка парсинга времени для привычки ID=6, time='21:00:00': unconverted data remains: :00
DEBUG 2026-01-14 20:36:42,781 tasks Обработка привычки ID=1, action='читать любимую книгу', time='20:00:00'
WARNING 2026-01-14 20:36:42,781 tasks Ошибка парсинга времени для привычки ID=1, time='20:00:00': unconverted data remains: :00
DEBUG 2026-01-14 20:36:42,781 tasks Обработка привычки ID=7, action='уборка дома', time='12:00:00'
WARNING 2026-01-14 20:36:42,782 tasks Ошибка парсинга времени для привычки ID=7, time='12:00:00': unconverted data remains: :00
DEBUG 2026-01-14 20:36:42,782 tasks Обработка привычки ID=8, action='просмотр ленты VK', time='19:00:00'
WARNING 2026-01-14 20:36:42,782 tasks Ошибка парсинга времени для привычки ID=8, time='19:00:00': unconverted data remains: :00
DEBUG 2026-01-14 20:36:42,782 tasks Обработка привычки ID=4, action='Долгий горячий душ', time='23:00:00'
WARNING 2026-01-14 20:36:42,782 tasks Ошибка парсинга времени для привычки ID=4, time='23:00:00': unconverted data remains: :00
DEBUG 2026-01-14 20:36:42,782 tasks Обработка привычки ID=9, action='отжимание 30 раз', time='07:00:00'
WARNING 2026-01-14 20:36:42,783 tasks Ошибка парсинга времени для привычки ID=9, time='07:00:00': unconverted data remains: :00
DEBUG 2026-01-14 20:36:42,783 tasks Обработка привычки ID=5, action='пробежка 2 км', time='19:07'
DEBUG 2026-01-14 20:36:42,783 tasks Привычка ID=5: время парсится как 19:07
DEBUG 2026-01-14 20:36:42,783 tasks Сравнение: habit_time='19:07' vs current_time='20:36'
DEBUG 2026-01-14 20:36:42,783 tasks Время не совпало для привычки ID=5: 19:07 != 20:36
DEBUG 2026-01-14 20:36:42,784 tasks Обработка привычки ID=10, action='Читать', time='17:13:00'
WARNING 2026-01-14 20:36:42,784 tasks Ошибка парсинга времени для привычки ID=10, time='17:13:00': unconverted data remains: :00
DEBUG 2026-01-14 20:36:42,784 tasks Обработка привычки ID=11, action='Читать', time='17:20:00'
WARNING 2026-01-14 20:36:42,784 tasks Ошибка парсинга времени для привычки ID=11, time='17:20:00': unconverted data remains: :00
DEBUG 2026-01-14 20:36:42,784 tasks Обработка привычки ID=12, action='Читать 2', time='20:22:00'
WARNING 2026-01-14 20:36:42,784 tasks Ошибка парсинга времени для привычки ID=12, time='20:22:00': unconverted data remains: :00
DEBUG 2026-01-14 20:36:42,785 tasks Обработка привычки ID=13, action='Читать 3', time='17:22:00'
WARNING 2026-01-14 20:36:42,785 tasks Ошибка парсинга времени для привычки ID=13, time='17:22:00': unconverted data remains: :00
INFO 2026-01-14 20:36:42,785 tasks === Завершение задачи send_habit_reminders ===
INFO 2026-01-14 20:37:37,659 tasks === Запуск задачи send_habit_reminders ===
INFO 2026-01-14 20:37:37,660 tasks UTC время: 2026-01-14 17:37:37 UTC
INFO 2026-01-14 20:37:37,660 tasks Локальное время (Europe/Moscow): 2026-01-14 20:37:37 MSK
INFO 2026-01-14 20:37:37,660 tasks Текущее время для сравнения: 20:37
INFO 2026-01-14 20:37:37,748 tasks Найдено привычек в базе: 13
DEBUG 2026-01-14 20:37:37,750 tasks Обработка привычки ID=2, action='Читать книгу', time='20:00:00'
WARNING 2026-01-14 20:37:37,750 tasks Ошибка парсинга времени для привычки ID=2, time='20:00:00': unconverted data remains: :00
DEBUG 2026-01-14 20:37:37,750 tasks Обработка привычки ID=3, action='Зарядка утром', time='08:00:00'
WARNING 2026-01-14 20:37:37,751 tasks Ошибка парсинга времени для привычки ID=3, time='08:00:00': unconverted data remains: :00
DEBUG 2026-01-14 20:37:37,751 tasks Обработка привычки ID=6, action='тренажер английского языка', time='21:00:00'
WARNING 2026-01-14 20:37:37,751 tasks Ошибка парсинга времени для привычки ID=6, time='21:00:00': unconverted data remains: :00
DEBUG 2026-01-14 20:37:37,751 tasks Обработка привычки ID=1, action='читать любимую книгу', time='20:00:00'
WARNING 2026-01-14 20:37:37,751 tasks Ошибка парсинга времени для привычки ID=1, time='20:00:00': unconverted data remains: :00
DEBUG 2026-01-14 20:37:37,752 tasks Обработка привычки ID=7, action='уборка дома', time='12:00:00'
WARNING 2026-01-14 20:37:37,752 tasks Ошибка парсинга времени для привычки ID=7, time='12:00:00': unconverted data remains: :00
DEBUG 2026-01-14 20:37:37,752 tasks Обработка привычки ID=8, action='просмотр ленты VK', time='19:00:00'
WARNING 2026-01-14 20:37:37,752 tasks Ошибка парсинга времени для привычки ID=8, time='19:00:00': unconverted data remains: :00
DEBUG 2026-01-14 20:37:37,752 tasks Обработка привычки ID=4, action='Долгий горячий душ', time='23:00:00'
WARNING 2026-01-14 20:37:37,752 tasks Ошибка парсинга времени для привычки ID=4, time='23:00:00': unconverted data remains: :00
DEBUG 2026-01-14 20:37:37,752 tasks Обработка привычки ID=9, action='отжимание 30 раз', time='07:00:00'
WARNING 2026-01-14 20:37:37,753 tasks Ошибка парсинга времени для привычки ID=9, time='07:00:00': unconverted data remains: :00
DEBUG 2026-01-14 20:37:37,753 tasks Обработка привычки ID=5, action='пробежка 2 км', time='19:07'
DEBUG 2026-01-14 20:37:37,753 tasks Привычка ID=5: время парсится как 19:07
DEBUG 2026-01-14 20:37:37,753 tasks Сравнение: habit_time='19:07' vs current_time='20:37'
DEBUG 2026-01-14 20:37:37,753 tasks Время не совпало для привычки ID=5: 19:07 != 20:37
DEBUG 2026-01-14 20:37:37,753 tasks Обработка привычки ID=10, action='Читать', time='17:13:00'
WARNING 2026-01-14 20:37:37,753 tasks Ошибка парсинга времени для привычки ID=10, time='17:13:00': unconverted data remains: :00
DEBUG 2026-01-14 20:37:37,754 tasks Обработка привычки ID=11, action='Читать', time='17:20:00'
WARNING 2026-01-14 20:37:37,754 tasks Ошибка парсинга времени для привычки ID=11, time='17:20:00': unconverted data remains: :00
DEBUG 2026-01-14 20:37:37,754 tasks Обработка привычки ID=12, action='Читать 2', time='20:22:00'
WARNING 2026-01-14 20:37:37,754 tasks Ошибка парсинга времени для привычки ID=12, time='20:22:00': unconverted data remains: :00
DEBUG 2026-01-14 20:37:37,754 tasks Обработка привычки ID=13, action='Читать 3', time='17:22:00'
WARNING 2026-01-14 20:37:37,754 tasks Ошибка парсинга времени для привычки ID=13, time='17:22:00': unconverted data remains: :00
INFO 2026-01-14 20:37:37,755 tasks === Завершение задачи send_habit_reminders ===
INFO 2026-01-14 20:37:37,764 tasks === Запуск задачи send_habit_reminders ===
INFO 2026-01-14 20:37:37,765 tasks UTC время: 2026-01-14 17:37:37 UTC
INFO 2026-01-14 20:37:37,765 tasks Локальное время (Europe/Moscow): 2026-01-14 20:37:37 MSK
INFO 2026-01-14 20:37:37,765 tasks Текущее время для сравнения: 20:37
INFO 2026-01-14 20:37:37,841 tasks Найдено привычек в базе: 13
DEBUG 2026-01-14 20:37:37,844 tasks Обработка привычки ID=2, action='Читать книгу', time='20:00:00'
WARNING 2026-01-14 20:37:37,844 tasks Ошибка парсинга времени для привычки ID=2, time='20:00:00': unconverted data remains: :00
DEBUG 2026-01-14 20:37:37,844 tasks Обработка привычки ID=3, action='Зарядка утром', time='08:00:00'
WARNING 2026-01-14 20:37:37,844 tasks Ошибка парсинга времени для привычки ID=3, time='08:00:00': unconverted data remains: :00
DEBUG 2026-01-14 20:37:37,844 tasks Обработка привычки ID=6, action='тренажер английского языка', time='21:00:00'
WARNING 2026-01-14 20:37:37,845 tasks Ошибка парсинга времени для привычки ID=6, time='21:00:00': unconverted data remains: :00
DEBUG 2026-01-14 20:37:37,845 tasks Обработка привычки ID=1, action='читать любимую книгу', time='20:00:00'
WARNING 2026-01-14 20:37:37,845 tasks Ошибка парсинга времени для привычки ID=1, time='20:00:00': unconverted data remains: :00
DEBUG 2026-01-14 20:37:37,845 tasks Обработка привычки ID=7, action='уборка дома', time='12:00:00'
WARNING 2026-01-14 20:37:37,845 tasks Ошибка парсинга времени для привычки ID=7, time='12:00:00': unconverted data remains: :00
DEBUG 2026-01-14 20:37:37,845 tasks Обработка привычки ID=8, action='просмотр ленты VK', time='19:00:00'
WARNING 2026-01-14 20:37:37,845 tasks Ошибка парсинга времени для привычки ID=8, time='19:00:00': unconverted data remains: :00
DEBUG 2026-01-14 20:37:37,845 tasks Обработка привычки ID=4, action='Долгий горячий душ', time='23:00:00'
WARNING 2026-01-14 20:37:37,845 tasks Ошибка парсинга времени для привычки ID=4, time='23:00:00': unconverted data remains: :00
DEBUG 2026-01-14 20:37:37,845 tasks Обработка привычки ID=9, action='отжимание 30 раз', time='07:00:00'
WARNING 2026-01-14 20:37:37,845 tasks Ошибка парсинга времени для привычки ID=9, time='07:00:00': unconverted data remains: :00
DEBUG 2026-01-14 20:37:37,846 tasks Обработка привычки ID=5, action='пробежка 2 км', time='19:07'
DEBUG 2026-01-14 20:37:37,846 tasks Привычка ID=5: время парсится как 19:07
DEBUG 2026-01-14 20:37:37,846 tasks Сравнение: habit_time='19:07' vs current_time='20:37'
DEBUG 2026-01-14 20:37:37,846 tasks Время не совпало для привычки ID=5: 19:07 != 20:37
DEBUG 2026-01-14 20:37:37,846 tasks Обработка привычки ID=10, action='Читать', time='17:13:00'
WARNING 2026-01-14 20:37:37,846 tasks Ошибка парсинга времени для привычки ID=10, time='17:13:00': unconverted data remains: :00
DEBUG 2026-01-14 20:37:37,846 tasks Обработка привычки ID=11, action='Читать', time='17:20:00'
WARNING 2026-01-14 20:37:37,846 tasks Ошибка парсинга времени для привычки ID=11, time='17:20:00': unconverted data remains: :00
DEBUG 2026-01-14 20:37:37,846 tasks Обработка привычки ID=12, action='Читать 2', time='20:22:00'
WARNING 2026-01-14 20:37:37,847 tasks Ошибка парсинга времени для привычки ID=12, time='20:22:00': unconverted data remains: :00
DEBUG 2026-01-14 20:37:37,847 tasks Обработка привычки ID=13, action='Читать 3', time='17:22:00'
WARNING 2026-01-14 20:37:37,847 tasks Ошибка парсинга времени для привычки ID=13, time='17:22:00': unconverted data remains: :00
INFO 2026-01-14 20:37:37,847 tasks === Завершение задачи send_habit_reminders ===
INFO 2026-01-14 20:38:37,719 tasks === Запуск задачи send_habit_reminders ===
INFO 2026-01-14 20:38:37,720 tasks UTC время: 2026-01-14 17:38:37 UTC
INFO 2026-01-14 20:38:37,720 tasks Локальное время (Europe/Moscow): 2026-01-14 20:38:37 MSK
INFO 2026-01-14 20:38:37,720 tasks Текущее время для сравнения: 20:38
INFO 2026-01-14 20:38:37,908 tasks Найдено привычек в базе: 13
DEBUG 2026-01-14 20:38:37,910 tasks Обработка привычки ID=2, action='Читать книгу', time='20:00:00'
WARNING 2026-01-14 20:38:37,910 tasks Ошибка парсинга времени для привычки ID=2, time='20:00:00': unconverted data remains: :00
DEBUG 2026-01-14 20:38:37,910 tasks Обработка привычки ID=3, action='Зарядка утром', time='08:00:00'
WARNING 2026-01-14 20:38:37,910 tasks Ошибка парсинга времени для привычки ID=3, time='08:00:00': unconverted data remains: :00
DEBUG 2026-01-14 20:38:37,911 tasks Обработка привычки ID=6, action='тренажер английского языка', time='21:00:00'
WARNING 2026-01-14 20:38:37,911 tasks Ошибка парсинга времени для привычки ID=6, time='21:00:00': unconverted data remains: :00
DEBUG 2026-01-14 20:38:37,911 tasks Обработка привычки ID=1, action='читать любимую книгу', time='20:00:00'
WARNING 2026-01-14 20:38:37,911 tasks Ошибка парсинга времени для привычки ID=1, time='20:00:00': unconverted data remains: :00
DEBUG 2026-01-14 20:38:37,911 tasks Обработка привычки ID=7, action='уборка дома', time='12:00:00'
WARNING 2026-01-14 20:38:37,911 tasks Ошибка парсинга времени для привычки ID=7, time='12:00:00': unconverted data remains: :00
DEBUG 2026-01-14 20:38:37,911 tasks Обработка привычки ID=8, action='просмотр ленты VK', time='19:00:00'
WARNING 2026-01-14 20:38:37,911 tasks Ошибка парсинга времени для привычки ID=8, time='19:00:00': unconverted data remains: :00
DEBUG 2026-01-14 20:38:37,912 tasks Обработка привычки ID=4, action='Долгий горячий душ', time='23:00:00'
WARNING 2026-01-14 20:38:37,912 tasks Ошибка парсинга времени для привычки ID=4, time='23:00:00': unconverted data remains: :00
DEBUG 2026-01-14 20:38:37,912 tasks Обработка привычки ID=9, action='отжимание 30 раз', time='07:00:00'
WARNING 2026-01-14 20:38:37,912 tasks Ошибка парсинга времени для привычки ID=9, time='07:00:00': unconverted data remains: :00
DEBUG 2026-01-14 20:38:37,912 tasks Обработка привычки ID=5, action='пробежка 2 км', time='19:07'
DEBUG 2026-01-14 20:38:37,913 tasks Привычка ID=5: время парсится как 19:07
DEBUG 2026-01-14 20:38:37,913 tasks Сравнение: habit_time='19:07' vs current_time='20:38'
DEBUG 2026-01-14 20:38:37,913 tasks Время не совпало для привычки ID=5: 19:07 != 20:38
DEBUG 2026-01-14 20:38:37,913 tasks Обработка привычки ID=10, action='Читать', time='17:13:00'
WARNING 2026-01-14 20:38:37,913 tasks Ошибка парсинга времени для привычки ID=10, time='17:13:00': unconverted data remains: :00
DEBUG 2026-01-14 20:38:37,913 tasks Обработка привычки ID=11, action='Читать', time='17:20:00'
WARNING 2026-01-14 20:38:37,914 tasks Ошибка парсинга времени для привычки ID=11, time='17:20:00': unconverted data remains: :00
DEBUG 2026-01-14 20:38:37,914 tasks Обработка привычки ID=12, action='Читать 2', time='20:22:00'
WARNING 2026-01-14 20:38:37,914 tasks Ошибка парсинга времени для привычки ID=12, time='20:22:00': unconverted data remains: :00
DEBUG 2026-01-14 20:38:37,914 tasks Обработка привычки ID=13, action='Читать 3', time='17:22:00'
WARNING 2026-01-14 20:38:37,915 tasks Ошибка парсинга времени для привычки ID=13, time='17:22:00': unconverted data remains: :00
INFO 2026-01-14 20:38:37,915 tasks === Завершение задачи send_habit_reminders ===
INFO 2026-01-14 20:38:37,924 tasks === Запуск задачи send_habit_reminders ===
INFO 2026-01-14 20:38:37,925 tasks UTC время: 2026-01-14 17:38:37 UTC
INFO 2026-01-14 20:38:37,925 tasks Локальное время (Europe/Moscow): 2026-01-14 20:38:37 MSK
INFO 2026-01-14 20:38:37,926 tasks Текущее время для сравнения: 20:38
INFO 2026-01-14 20:38:37,994 tasks Найдено привычек в базе: 13
DEBUG 2026-01-14 20:38:37,995 tasks Обработка привычки ID=2, action='Читать книгу', time='20:00:00'
WARNING 2026-01-14 20:38:37,996 tasks Ошибка парсинга времени для привычки ID=2, time='20:00:00': unconverted data remains: :00
DEBUG 2026-01-14 20:38:37,996 tasks Обработка привычки ID=3, action='Зарядка утром', time='08:00:00'
WARNING 2026-01-14 20:38:37,996 tasks Ошибка парсинга времени для привычки ID=3, time='08:00:00': unconverted data remains: :00
DEBUG 2026-01-14 20:38:37,997 tasks Обработка привычки ID=6, action='тренажер английского языка', time='21:00:00'
WARNING 2026-01-14 20:38:37,997 tasks Ошибка парсинга времени для привычки ID=6, time='21:00:00': unconverted data remains: :00
DEBUG 2026-01-14 20:38:37,997 tasks Обработка привычки ID=1, action='читать любимую книгу', time='20:00:00'
WARNING 2026-01-14 20:38:37,997 tasks Ошибка парсинга времени для привычки ID=1, time='20:00:00': unconverted data remains: :00
DEBUG 2026-01-14 20:38:37,997 tasks Обработка привычки ID=7, action='уборка дома', time='12:00:00'
WARNING 2026-01-14 20:38:37,998 tasks Ошибка парсинга времени для привычки ID=7, time='12:00:00': unconverted data remains: :00
DEBUG 2026-01-14 20:38:37,998 tasks Обработка привычки ID=8, action='просмотр ленты VK', time='19:00:00'
WARNING 2026-01-14 20:38:37,998 tasks Ошибка парсинга времени для привычки ID=8, time='19:00:00': unconverted data remains: :00
DEBUG 2026-01-14 20:38:37,998 tasks Обработка привычки ID=4, action='Долгий горячий душ', time='23:00:00'
WARNING 2026-01-14 20:38:37,999 tasks Ошибка парсинга времени для привычки ID=4, time='23:00:00': unconverted data remains: :00
DEBUG 2026-01-14 20:38:37,999 tasks Обработка привычки ID=9, action='отжимание 30 раз', time='07:00:00'
WARNING 2026-01-14 20:38:37,999 tasks Ошибка парсинга времени для привычки ID=9, time='07:00:00': unconverted data remains: :00
DEBUG 2026-01-14 20:38:38,000 tasks Обработка привычки ID=5, action='пробежка 2 км', time='19:07'
DEBUG 2026-01-14 20:38:38,000 tasks Привычка ID=5: время парсится как 19:07
DEBUG 2026-01-14 20:38:38,000 tasks Сравнение: habit_time='19:07' vs current_time='20:38'
DEBUG 2026-01-14 20:38:38,000 tasks Время не совпало для привычки ID=5: 19:07 != 20:38
DEBUG 2026-01-14 20:38:38,001 tasks Обработка привычки ID=10, action='Читать', time='17:13:00'
WARNING 2026-01-14 20:38:38,001 tasks Ошибка парсинга времени для привычки ID=10, time='17:13:00': unconverted data remains: :00
DEBUG 2026-01-14 20:38:38,001 tasks Обработка привычки ID=11, action='Читать', time='17:20:00'
WARNING 2026-01-14 20:38:38,001 tasks Ошибка парсинга времени для привычки ID=11, time='17:20:00': unconverted data remains: :00
DEBUG 2026-01-14 20:38:38,001 tasks Обработка привычки ID=12, action='Читать 2', time='20:22:00'
WARNING 2026-01-14 20:38:38,001 tasks Ошибка парсинга времени для привычки ID=12, time='20:22:00': unconverted data remains: :00
DEBUG 2026-01-14 20:38:38,002 tasks Обработка привычки ID=13, action='Читать 3', time='17:22:00'
WARNING 2026-01-14 20:38:38,002 tasks Ошибка парсинга времени для привычки ID=13, time='17:22:00': unconverted data remains: :00
INFO 2026-01-14 20:38:38,002 tasks === Завершение задачи send_habit_reminders ===
INFO 2026-01-14 20:39:38,249 tasks === Запуск задачи send_habit_reminders ===
INFO 2026-01-14 20:39:38,249 tasks UTC время: 2026-01-14 17:39:38 UTC
INFO 2026-01-14 20:39:38,250 tasks Локальное время (Europe/Moscow): 2026-01-14 20:39:38 MSK
INFO 2026-01-14 20:39:38,250 tasks Текущее время для сравнения: 20:39
INFO 2026-01-14 20:39:38,331 tasks Найдено привычек в базе: 13
DEBUG 2026-01-14 20:39:38,333 tasks Обработка привычки ID=2, action='Читать книгу', time='20:00:00'
WARNING 2026-01-14 20:39:38,333 tasks Ошибка парсинга времени для привычки ID=2, time='20:00:00': unconverted data remains: :00
DEBUG 2026-01-14 20:39:38,334 tasks Обработка привычки ID=3, action='Зарядка утром', time='08:00:00'
WARNING 2026-01-14 20:39:38,334 tasks Ошибка парсинга времени для привычки ID=3, time='08:00:00': unconverted data remains: :00
DEBUG 2026-01-14 20:39:38,335 tasks Обработка привычки ID=6, action='тренажер английского языка', time='21:00:00'
WARNING 2026-01-14 20:39:38,335 tasks Ошибка парсинга времени для привычки ID=6, time='21:00:00': unconverted data remains: :00
DEBUG 2026-01-14 20:39:38,336 tasks Обработка привычки ID=1, action='читать любимую книгу', time='20:00:00'
WARNING 2026-01-14 20:39:38,336 tasks Ошибка парсинга времени для привычки ID=1, time='20:00:00': unconverted data remains: :00
DEBUG 2026-01-14 20:39:38,337 tasks Обработка привычки ID=7, action='уборка дома', time='12:00:00'
WARNING 2026-01-14 20:39:38,337 tasks Ошибка парсинга времени для привычки ID=7, time='12:00:00': unconverted data remains: :00
DEBUG 2026-01-14 20:39:38,338 tasks Обработка привычки ID=8, action='просмотр ленты VK', time='19:00:00'
WARNING 2026-01-14 20:39:38,339 tasks Ошибка парсинга времени для привычки ID=8, time='19:00:00': unconverted data remains: :00
DEBUG 2026-01-14 20:39:38,339 tasks Обработка привычки ID=4, action='Долгий горячий душ', time='23:00:00'
WARNING 2026-01-14 20:39:38,339 tasks Ошибка парсинга времени для привычки ID=4, time='23:00:00': unconverted data remains: :00
DEBUG 2026-01-14 20:39:38,339 tasks Обработка привычки ID=9, action='отжимание 30 раз', time='07:00:00'
WARNING 2026-01-14 20:39:38,340 tasks Ошибка парсинга времени для привычки ID=9, time='07:00:00': unconverted data remains: :00
DEBUG 2026-01-14 20:39:38,340 tasks Обработка привычки ID=5, action='пробежка 2 км', time='19:07'
DEBUG 2026-01-14 20:39:38,341 tasks Привычка ID=5: время парсится как 19:07
DEBUG 2026-01-14 20:39:38,341 tasks Сравнение: habit_time='19:07' vs current_time='20:39'
DEBUG 2026-01-14 20:39:38,341 tasks Время не совпало для привычки ID=5: 19:07 != 20:39
DEBUG 2026-01-14 20:39:38,341 tasks Обработка привычки ID=10, action='Читать', time='17:13:00'
WARNING 2026-01-14 20:39:38,342 tasks Ошибка парсинга времени для привычки ID=10, time='17:13:00': unconverted data remains: :00
DEBUG 2026-01-14 20:39:38,342 tasks Обработка привычки ID=11, action='Читать', time='17:20:00'
WARNING 2026-01-14 20:39:38,342 tasks Ошибка парсинга времени для привычки ID=11, time='17:20:00': unconverted data remains: :00
DEBUG 2026-01-14 20:39:38,342 tasks Обработка привычки ID=12, action='Читать 2', time='20:22:00'
WARNING 2026-01-14 20:39:38,343 tasks Ошибка парсинга времени для привычки ID=12, time='20:22:00': unconverted data remains: :00
DEBUG 2026-01-14 20:39:38,343 tasks Обработка привычки ID=13, action='Читать 3', time='17:22:00'
WARNING 2026-01-14 20:39:38,343 tasks Ошибка парсинга времени для привычки ID=13, time='17:22:00': unconverted data remains: :00
INFO 2026-01-14 20:39:38,343 tasks === Завершение задачи send_habit_reminders ===
INFO 2026-01-14 20:39:38,441 tasks === Запуск задачи send_habit_reminders ===
INFO 2026-01-14 20:39:38,441 tasks UTC время: 2026-01-14 17:39:38 UTC
INFO 2026-01-14 20:39:38,442 tasks Локальное время (Europe/Moscow): 2026-01-14 20:39:38 MSK
INFO 2026-01-14 20:39:38,442 tasks Текущее время для сравнения: 20:39
INFO 2026-01-14 20:39:38,523 tasks Найдено привычек в базе: 13
DEBUG 2026-01-14 20:39:38,525 tasks Обработка привычки ID=2, action='Читать книгу', time='20:00:00'
WARNING 2026-01-14 20:39:38,526 tasks Ошибка парсинга времени для привычки ID=2, time='20:00:00': unconverted data remains: :00
DEBUG 2026-01-14 20:39:38,526 tasks Обработка привычки ID=3, action='Зарядка утром', time='08:00:00'
WARNING 2026-01-14 20:39:38,526 tasks Ошибка парсинга времени для привычки ID=3, time='08:00:00': unconverted data remains: :00
DEBUG 2026-01-14 20:39:38,526 tasks Обработка привычки ID=6, action='тренажер английского языка', time='21:00:00'
WARNING 2026-01-14 20:39:38,526 tasks Ошибка парсинга времени для привычки ID=6, time='21:00:00': unconverted data remains: :00
DEBUG 2026-01-14 20:39:38,527 tasks Обработка привычки ID=1, action='читать любимую книгу', time='20:00:00'
WARNING 2026-01-14 20:39:38,527 tasks Ошибка парсинга времени для привычки ID=1, time='20:00:00': unconverted data remains: :00
DEBUG 2026-01-14 20:39:38,527 tasks Обработка привычки ID=7, action='уборка дома', time='12:00:00'
WARNING 2026-01-14 20:39:38,528 tasks Ошибка парсинга времени для привычки ID=7, time='12:00:00': unconverted data remains: :00
DEBUG 2026-01-14 20:39:38,528 tasks Обработка привычки ID=8, action='просмотр ленты VK', time='19:00:00'
WARNING 2026-01-14 20:39:38,528 tasks Ошибка парсинга времени для привычки ID=8, time='19:00:00': unconverted data remains: :00
DEBUG 2026-01-14 20:39:38,528 tasks Обработка привычки ID=4, action='Долгий горячий душ', time='23:00:00'
WARNING 2026-01-14 20:39:38,528 tasks Ошибка парсинга времени для привычки ID=4, time='23:00:00': unconverted data remains: :00
DEBUG 2026-01-14 20:39:38,529 tasks Обработка привычки ID=9, action='отжимание 30 раз', time='07:00:00'
WARNING 2026-01-14 20:39:38,529 tasks Ошибка парсинга времени для привычки ID=9, time='07:00:00': unconverted data remains: :00
DEBUG 2026-01-14 20:39:38,529 tasks Обработка привычки ID=5, action='пробежка 2 км', time='19:07'
DEBUG 2026-01-14 20:39:38,529 tasks Привычка ID=5: время парсится как 19:07
DEBUG 2026-01-14 20:39:38,529 tasks Сравнение: habit_time='19:07' vs current_time='20:39'
DEBUG 2026-01-14 20:39:38,530 tasks Время не совпало для привычки ID=5: 19:07 != 20:39
DEBUG 2026-01-14 20:39:38,530 tasks Обработка привычки ID=10, action='Читать', time='17:13:00'
WARNING 2026-01-14 20:39:38,530 tasks Ошибка парсинга времени для привычки ID=10, time='17:13:00': unconverted data remains: :00
DEBUG 2026-01-14 20:39:38,530 tasks Обработка привычки ID=11, action='Читать', time='17:20:00'
WARNING 2026-01-14 20:39:38,530 tasks Ошибка парсинга времени для привычки ID=11, time='17:20:00': unconverted data remains: :00
DEBUG 2026-01-14 20:39:38,531 tasks Обработка привычки ID=12, action='Читать 2', time='20:22:00'
WARNING 2026-01-14 20:39:38,531 tasks Ошибка парсинга времени для привычки ID=12, time='20:22:00': unconverted data remains: :00
DEBUG 2026-01-14 20:39:38,531 tasks Обработка привычки ID=13, action='Читать 3', time='17:22:00'
WARNING 2026-01-14 20:39:38,532 tasks Ошибка парсинга времени для привычки ID=13, time='17:22:00': unconverted data remains: :00
INFO 2026-01-14 20:39:38,532 tasks === Завершение задачи send_habit_reminders ===
INFO 2026-01-14 20:40:38,392 tasks === Запуск задачи send_habit_reminders ===
INFO 2026-01-14 20:40:38,392 tasks UTC время: 2026-01-14 17:40:38 UTC
INFO 2026-01-14 20:40:38,392 tasks Локальное время (Europe/Moscow): 2026-01-14 20:40:38 MSK
INFO 2026-01-14 20:40:38,393 tasks Текущее время для сравнения: 20:40
INFO 2026-01-14 20:40:38,584 tasks Найдено привычек в базе: 13
DEBUG 2026-01-14 20:40:38,585 tasks Обработка привычки ID=2, action='Читать книгу', time='20:00:00'
WARNING 2026-01-14 20:40:38,586 tasks Ошибка парсинга времени для привычки ID=2, time='20:00:00': unconverted data remains: :00
DEBUG 2026-01-14 20:40:38,586 tasks Обработка привычки ID=3, action='Зарядка утром', time='08:00:00'
WARNING 2026-01-14 20:40:38,586 tasks Ошибка парсинга времени для привычки ID=3, time='08:00:00': unconverted data remains: :00
DEBUG 2026-01-14 20:40:38,586 tasks Обработка привычки ID=6, action='тренажер английского языка', time='21:00:00'
WARNING 2026-01-14 20:40:38,586 tasks Ошибка парсинга времени для привычки ID=6, time='21:00:00': unconverted data remains: :00
DEBUG 2026-01-14 20:40:38,587 tasks Обработка привычки ID=7, action='уборка дома', time='12:00:00'
WARNING 2026-01-14 20:40:38,587 tasks Ошибка парсинга времени для привычки ID=7, time='12:00:00': unconverted data remains: :00
DEBUG 2026-01-14 20:40:38,587 tasks Обработка привычки ID=8, action='просмотр ленты VK', time='19:00:00'
WARNING 2026-01-14 20:40:38,587 tasks Ошибка парсинга времени для привычки ID=8, time='19:00:00': unconverted data remains: :00
DEBUG 2026-01-14 20:40:38,587 tasks Обработка привычки ID=4, action='Долгий горячий душ', time='23:00:00'
WARNING 2026-01-14 20:40:38,587 tasks Ошибка парсинга времени для привычки ID=4, time='23:00:00': unconverted data remains: :00
DEBUG 2026-01-14 20:40:38,588 tasks Обработка привычки ID=9, action='отжимание 30 раз', time='07:00:00'
WARNING 2026-01-14 20:40:38,588 tasks Ошибка парсинга времени для привычки ID=9, time='07:00:00': unconverted data remains: :00
DEBUG 2026-01-14 20:40:38,588 tasks Обработка привычки ID=5, action='пробежка 2 км', time='19:07'
DEBUG 2026-01-14 20:40:38,588 tasks Привычка ID=5: время парсится как 19:07
DEBUG 2026-01-14 20:40:38,588 tasks Сравнение: habit_time='19:07' vs current_time='20:40'
DEBUG 2026-01-14 20:40:38,588 tasks Время не совпало для привычки ID=5: 19:07 != 20:40
DEBUG 2026-01-14 20:40:38,588 tasks Обработка привычки ID=10, action='Читать', time='17:13:00'
WARNING 2026-01-14 20:40:38,588 tasks Ошибка парсинга времени для привычки ID=10, time='17:13:00': unconverted data remains: :00
DEBUG 2026-01-14 20:40:38,588 tasks Обработка привычки ID=11, action='Читать', time='17:20:00'
WARNING 2026-01-14 20:40:38,589 tasks Ошибка парсинга времени для привычки ID=11, time='17:20:00': unconverted data remains: :00
DEBUG 2026-01-14 20:40:38,589 tasks Обработка привычки ID=12, action='Читать 2', time='20:22:00'
WARNING 2026-01-14 20:40:38,589 tasks Ошибка парсинга времени для привычки ID=12, time='20:22:00': unconverted data remains: :00
DEBUG 2026-01-14 20:40:38,589 tasks Обработка привычки ID=13, action='Читать 3', time='17:22:00'
WARNING 2026-01-14 20:40:38,589 tasks Ошибка парсинга времени для привычки ID=13, time='17:22:00': unconverted data remains: :00
DEBUG 2026-01-14 20:40:38,589 tasks Обработка привычки ID=1, action='читать любимую книгу', time='20:41:00'
WARNING 2026-01-14 20:40:38,589 tasks Ошибка парсинга времени для привычки ID=1, time='20:41:00': unconverted data remains: :00
INFO 2026-01-14 20:40:38,589 tasks === Завершение задачи send_habit_reminders ===
INFO 2026-01-14 20:40:38,595 tasks === Запуск задачи send_habit_reminders ===
INFO 2026-01-14 20:40:38,595 tasks UTC время: 2026-01-14 17:40:38 UTC
INFO 2026-01-14 20:40:38,595 tasks Локальное время (Europe/Moscow): 2026-01-14 20:40:38 MSK
INFO 2026-01-14 20:40:38,595 tasks Текущее время для сравнения: 20:40
INFO 2026-01-14 20:40:38,669 tasks Найдено привычек в базе: 13
DEBUG 2026-01-14 20:40:38,671 tasks Обработка привычки ID=2, action='Читать книгу', time='20:00:00'
WARNING 2026-01-14 20:40:38,671 tasks Ошибка парсинга времени для привычки ID=2, time='20:00:00': unconverted data remains: :00
DEBUG 2026-01-14 20:40:38,671 tasks Обработка привычки ID=3, action='Зарядка утром', time='08:00:00'
WARNING 2026-01-14 20:40:38,672 tasks Ошибка парсинга времени для привычки ID=3, time='08:00:00': unconverted data remains: :00
DEBUG 2026-01-14 20:40:38,672 tasks Обработка привычки ID=6, action='тренажер английского языка', time='21:00:00'
WARNING 2026-01-14 20:40:38,672 tasks Ошибка парсинга времени для привычки ID=6, time='21:00:00': unconverted data remains: :00
DEBUG 2026-01-14 20:40:38,672 tasks Обработка привычки ID=7, action='уборка дома', time='12:00:00'
WARNING 2026-01-14 20:40:38,672 tasks Ошибка парсинга времени для привычки ID=7, time='12:00:00': unconverted data remains: :00
DEBUG 2026-01-14 20:40:38,672 tasks Обработка привычки ID=8, action='просмотр ленты VK', time='19:00:00'
WARNING 2026-01-14 20:40:38,672 tasks Ошибка парсинга времени для привычки ID=8, time='19:00:00': unconverted data remains: :00
DEBUG 2026-01-14 20:40:38,673 tasks Обработка привычки ID=4, action='Долгий горячий душ', time='23:00:00'
WARNING 2026-01-14 20:40:38,673 tasks Ошибка парсинга времени для привычки ID=4, time='23:00:00': unconverted data remains: :00
DEBUG 2026-01-14 20:40:38,673 tasks Обработка привычки ID=9, action='отжимание 30 раз', time='07:00:00'
WARNING 2026-01-14 20:40:38,673 tasks Ошибка парсинга времени для привычки ID=9, time='07:00:00': unconverted data remains: :00
DEBUG 2026-01-14 20:40:38,673 tasks Обработка привычки ID=5, action='пробежка 2 км', time='19:07'
DEBUG 2026-01-14 20:40:38,673 tasks Привычка ID=5: время парсится как 19:07
DEBUG 2026-01-14 20:40:38,674 tasks Сравнение: habit_time='19:07' vs current_time='20:40'
DEBUG 2026-01-14 20:40:38,674 tasks Время не совпало для привычки ID=5: 19:07 != 20:40
DEBUG 2026-01-14 20:40:38,674 tasks Обработка привычки ID=10, action='Читать', time='17:13:00'
WARNING 2026-01-14 20:40:38,674 tasks Ошибка парсинга времени для привычки ID=10, time='17:13:00': unconverted data remains: :00
DEBUG 2026-01-14 20:40:38,674 tasks Обработка привычки ID=11, action='Читать', time='17:20:00'
WARNING 2026-01-14 20:40:38,674 tasks Ошибка парсинга времени для привычки ID=11, time='17:20:00': unconverted data remains: :00
DEBUG 2026-01-14 20:40:38,674 tasks Обработка привычки ID=12, action='Читать 2', time='20:22:00'
WARNING 2026-01-14 20:40:38,674 tasks Ошибка парсинга времени для привычки ID=12, time='20:22:00': unconverted data remains: :00
DEBUG 2026-01-14 20:40:38,674 tasks Обработка привычки ID=13, action='Читать 3', time='17:22:00'
WARNING 2026-01-14 20:40:38,674 tasks Ошибка парсинга времени для привычки ID=13, time='17:22:00': unconverted data remains: :00
DEBUG 2026-01-14 20:40:38,675 tasks Обработка привычки ID=1, action='читать любимую книгу', time='20:41:00'
WARNING 2026-01-14 20:40:38,675 tasks Ошибка парсинга времени для привычки ID=1, time='20:41:00': unconverted data remains: :00
INFO 2026-01-14 20:40:38,675 tasks === Завершение задачи send_habit_reminders ===
INFO 2026-01-14 20:41:26,588 services Отправка запроса в Telegram API: url=https://api.telegram.org/bot8226180301:AAEsgPNbBqwHZzEOT100deOyCWRJPNhKDH0/sendMessage, chat_id=815500498
INFO 2026-01-14 20:41:38,564 tasks === Запуск задачи send_habit_reminders ===
INFO 2026-01-14 20:41:38,565 tasks UTC время: 2026-01-14 17:41:38 UTC
INFO 2026-01-14 20:41:38,566 tasks Локальное время (Europe/Moscow): 2026-01-14 20:41:38 MSK
INFO 2026-01-14 20:41:38,566 tasks Текущее время для сравнения: 20:41
INFO 2026-01-14 20:41:38,640 tasks Найдено привычек в базе: 13
DEBUG 2026-01-14 20:41:38,641 tasks Обработка привычки ID=2, action='Читать книгу', time='20:00:00'
WARNING 2026-01-14 20:41:38,642 tasks Ошибка парсинга времени для привычки ID=2, time='20:00:00': unconverted data remains: :00
DEBUG 2026-01-14 20:41:38,642 tasks Обработка привычки ID=3, action='Зарядка утром', time='08:00:00'
WARNING 2026-01-14 20:41:38,642 tasks Ошибка парсинга времени для привычки ID=3, time='08:00:00': unconverted data remains: :00
DEBUG 2026-01-14 20:41:38,643 tasks Обработка привычки ID=6, action='тренажер английского языка', time='21:00:00'
WARNING 2026-01-14 20:41:38,643 tasks Ошибка парсинга времени для привычки ID=6, time='21:00:00': unconverted data remains: :00
DEBUG 2026-01-14 20:41:38,643 tasks Обработка привычки ID=7, action='уборка дома', time='12:00:00'
WARNING 2026-01-14 20:41:38,643 tasks Ошибка парсинга времени для привычки ID=7, time='12:00:00': unconverted data remains: :00
DEBUG 2026-01-14 20:41:38,644 tasks Обработка привычки ID=8, action='просмотр ленты VK', time='19:00:00'
WARNING 2026-01-14 20:41:38,644 tasks Ошибка парсинга времени для привычки ID=8, time='19:00:00': unconverted data remains: :00
DEBUG 2026-01-14 20:41:38,644 tasks Обработка привычки ID=4, action='Долгий горячий душ', time='23:00:00'
WARNING 2026-01-14 20:41:38,644 tasks Ошибка парсинга времени для привычки ID=4, time='23:00:00': unconverted data remains: :00
DEBUG 2026-01-14 20:41:38,645 tasks Обработка привычки ID=9, action='отжимание 30 раз', time='07:00:00'
WARNING 2026-01-14 20:41:38,645 tasks Ошибка парсинга времени для привычки ID=9, time='07:00:00': unconverted data remains: :00
DEBUG 2026-01-14 20:41:38,645 tasks Обработка привычки ID=5, action='пробежка 2 км', time='19:07'
DEBUG 2026-01-14 20:41:38,645 tasks Привычка ID=5: время парсится как 19:07
DEBUG 2026-01-14 20:41:38,646 tasks Сравнение: habit_time='19:07' vs current_time='20:41'
DEBUG 2026-01-14 20:41:38,646 tasks Время не совпало для привычки ID=5: 19:07 != 20:41
DEBUG 2026-01-14 20:41:38,646 tasks Обработка привычки ID=10, action='Читать', time='17:13:00'
WARNING 2026-01-14 20:41:38,646 tasks Ошибка парсинга времени для привычки ID=10, time='17:13:00': unconverted data remains: :00
DEBUG 2026-01-14 20:41:38,647 tasks Обработка привычки ID=11, action='Читать', time='17:20:00'
WARNING 2026-01-14 20:41:38,647 tasks Ошибка парсинга времени для привычки ID=11, time='17:20:00': unconverted data remains: :00
DEBUG 2026-01-14 20:41:38,647 tasks Обработка привычки ID=12, action='Читать 2', time='20:22:00'
WARNING 2026-01-14 20:41:38,647 tasks Ошибка парсинга времени для привычки ID=12, time='20:22:00': unconverted data remains: :00
DEBUG 2026-01-14 20:41:38,648 tasks Обработка привычки ID=13, action='Читать 3', time='17:22:00'
WARNING 2026-01-14 20:41:38,648 tasks Ошибка парсинга времени для привычки ID=13, time='17:22:00': unconverted data remains: :00
DEBUG 2026-01-14 20:41:38,648 tasks Обработка привычки ID=1, action='читать любимую книгу', time='20:41:00'
WARNING 2026-01-14 20:41:38,648 tasks Ошибка парсинга времени для привычки ID=1, time='20:41:00': unconverted data remains: :00
INFO 2026-01-14 20:41:38,648 tasks === Завершение задачи send_habit_reminders ===
INFO 2026-01-14 20:41:38,657 tasks === Запуск задачи send_habit_reminders ===
INFO 2026-01-14 20:41:38,658 tasks UTC время: 2026-01-14 17:41:38 UTC
INFO 2026-01-14 20:41:38,658 tasks Локальное время (Europe/Moscow): 2026-01-14 20:41:38 MSK
INFO 2026-01-14 20:41:38,659 tasks Текущее время для сравнения: 20:41
INFO 2026-01-14 20:41:38,820 tasks Найдено привычек в базе: 13
DEBUG 2026-01-14 20:41:38,821 tasks Обработка привычки ID=2, action='Читать книгу', time='20:00:00'
WARNING 2026-01-14 20:41:38,822 tasks Ошибка парсинга времени для привычки ID=2, time='20:00:00': unconverted data remains: :00
DEBUG 2026-01-14 20:41:38,822 tasks Обработка привычки ID=3, action='Зарядка утром', time='08:00:00'
WARNING 2026-01-14 20:41:38,822 tasks Ошибка парсинга времени для привычки ID=3, time='08:00:00': unconverted data remains: :00
DEBUG 2026-01-14 20:41:38,822 tasks Обработка привычки ID=6, action='тренажер английского языка', time='21:00:00'
WARNING 2026-01-14 20:41:38,823 tasks Ошибка парсинга времени для привычки ID=6, time='21:00:00': unconverted data remains: :00
DEBUG 2026-01-14 20:41:38,823 tasks Обработка привычки ID=7, action='уборка дома', time='12:00:00'
WARNING 2026-01-14 20:41:38,823 tasks Ошибка парсинга времени для привычки ID=7, time='12:00:00': unconverted data remains: :00
DEBUG 2026-01-14 20:41:38,823 tasks Обработка привычки ID=8, action='просмотр ленты VK', time='19:00:00'
WARNING 2026-01-14 20:41:38,823 tasks Ошибка парсинга времени для привычки ID=8, time='19:00:00': unconverted data remains: :00
DEBUG 2026-01-14 20:41:38,823 tasks Обработка привычки ID=4, action='Долгий горячий душ', time='23:00:00'
WARNING 2026-01-14 20:41:38,824 tasks Ошибка парсинга времени для привычки ID=4, time='23:00:00': unconverted data remains: :00
DEBUG 2026-01-14 20:41:38,824 tasks Обработка привычки ID=9, action='отжимание 30 раз', time='07:00:00'
WARNING 2026-01-14 20:41:38,824 tasks Ошибка парсинга времени для привычки ID=9, time='07:00:00': unconverted data remains: :00
DEBUG 2026-01-14 20:41:38,824 tasks Обработка привычки ID=5, action='пробежка 2 км', time='19:07'
DEBUG 2026-01-14 20:41:38,825 tasks Привычка ID=5: время парсится как 19:07
DEBUG 2026-01-14 20:41:38,825 tasks Сравнение: habit_time='19:07' vs current_time='20:41'
DEBUG 2026-01-14 20:41:38,825 tasks Время не совпало для привычки ID=5: 19:07 != 20:41
DEBUG 2026-01-14 20:41:38,825 tasks Обработка привычки ID=10, action='Читать', time='17:13:00'
WARNING 2026-01-14 20:41:38,825 tasks Ошибка парсинга времени для привычки ID=10, time='17:13:00': unconverted data remains: :00
DEBUG 2026-01-14 20:41:38,826 tasks Обработка привычки ID=11, action='Читать', time='17:20:00'
WARNING 2026-01-14 20:41:38,826 tasks Ошибка парсинга времени для привычки ID=11, time='17:20:00': unconverted data remains: :00
DEBUG 2026-01-14 20:41:38,826 tasks Обработка привычки ID=12, action='Читать 2', time='20:22:00'
WARNING 2026-01-14 20:41:38,826 tasks Ошибка парсинга времени для привычки ID=12, time='20:22:00': unconverted data remains: :00
DEBUG 2026-01-14 20:41:38,826 tasks Обработка привычки ID=13, action='Читать 3', time='17:22:00'
WARNING 2026-01-14 20:41:38,827 tasks Ошибка парсинга времени для привычки ID=13, time='17:22:00': unconverted data remains: :00
DEBUG 2026-01-14 20:41:38,827 tasks Обработка привычки ID=1, action='читать любимую книгу', time='20:41:00'
WARNING 2026-01-14 20:41:38,827 tasks Ошибка парсинга времени для привычки ID=1, time='20:41:00': unconverted data remains: :00
INFO 2026-01-14 20:41:38,827 tasks === Завершение задачи send_habit_reminders ===
INFO 2026-01-14 20:42:38,628 tasks === Запуск задачи send_habit_reminders ===
INFO 2026-01-14 20:42:38,628 tasks UTC время: 2026-01-14 17:42:38 UTC
INFO 2026-01-14 20:42:38,628 tasks Локальное время (Europe/Moscow): 2026-01-14 20:42:38 MSK
INFO 2026-01-14 20:42:38,629 tasks Текущее время для сравнения: 20:42
INFO 2026-01-14 20:42:38,703 tasks Найдено привычек в базе: 13
DEBUG 2026-01-14 20:42:38,704 tasks Обработка привычки ID=2, action='Читать книгу', time='20:00:00'
WARNING 2026-01-14 20:42:38,704 tasks Ошибка парсинга времени для привычки ID=2, time='20:00:00': unconverted data remains: :00
DEBUG 2026-01-14 20:42:38,705 tasks Обработка привычки ID=3, action='Зарядка утром', time='08:00:00'
WARNING 2026-01-14 20:42:38,705 tasks Ошибка парсинга времени для привычки ID=3, time='08:00:00': unconverted data remains: :00
DEBUG 2026-01-14 20:42:38,705 tasks Обработка привычки ID=6, action='тренажер английского языка', time='21:00:00'
WARNING 2026-01-14 20:42:38,705 tasks Ошибка парсинга времени для привычки ID=6, time='21:00:00': unconverted data remains: :00
DEBUG 2026-01-14 20:42:38,705 tasks Обработка привычки ID=7, action='уборка дома', time='12:00:00'
WARNING 2026-01-14 20:42:38,705 tasks Ошибка парсинга времени для привычки ID=7, time='12:00:00': unconverted data remains: :00
DEBUG 2026-01-14 20:42:38,705 tasks Обработка привычки ID=8, action='просмотр ленты VK', time='19:00:00'
WARNING 2026-01-14 20:42:38,706 tasks Ошибка парсинга времени для привычки ID=8, time='19:00:00': unconverted data remains: :00
DEBUG 2026-01-14 20:42:38,706 tasks Обработка привычки ID=4, action='Долгий горячий душ', time='23:00:00'
WARNING 2026-01-14 20:42:38,706 tasks Ошибка парсинга времени для привычки ID=4, time='23:00:00': unconverted data remains: :00
DEBUG 2026-01-14 20:42:38,706 tasks Обработка привычки ID=9, action='отжимание 30 раз', time='07:00:00'
WARNING 2026-01-14 20:42:38,706 tasks Ошибка парсинга времени для привычки ID=9, time='07:00:00': unconverted data remains: :00
DEBUG 2026-01-14 20:42:38,706 tasks Обработка привычки ID=5, action='пробежка 2 км', time='19:07'
DEBUG 2026-01-14 20:42:38,706 tasks Привычка ID=5: время парсится как 19:07
DEBUG 2026-01-14 20:42:38,706 tasks Сравнение: habit_time='19:07' vs current_time='20:42'
DEBUG 2026-01-14 20:42:38,707 tasks Время не совпало для привычки ID=5: 19:07 != 20:42
DEBUG 2026-01-14 20:42:38,707 tasks Обработка привычки ID=10, action='Читать', time='17:13:00'
WARNING 2026-01-14 20:42:38,707 tasks Ошибка парсинга времени для привычки ID=10, time='17:13:00': unconverted data remains: :00
DEBUG 2026-01-14 20:42:38,707 tasks Обработка привычки ID=11, action='Читать', time='17:20:00'
WARNING 2026-01-14 20:42:38,707 tasks Ошибка парсинга времени для привычки ID=11, time='17:20:00': unconverted data remains: :00
DEBUG 2026-01-14 20:42:38,707 tasks Обработка привычки ID=12, action='Читать 2', time='20:22:00'
WARNING 2026-01-14 20:42:38,708 tasks Ошибка парсинга времени для привычки ID=12, time='20:22:00': unconverted data remains: :00
DEBUG 2026-01-14 20:42:38,708 tasks Обработка привычки ID=13, action='Читать 3', time='17:22:00'
WARNING 2026-01-14 20:42:38,709 tasks Ошибка парсинга времени для привычки ID=13, time='17:22:00': unconverted data remains: :00
DEBUG 2026-01-14 20:42:38,709 tasks Обработка привычки ID=1, action='читать любимую книгу', time='20:41:00'
WARNING 2026-01-14 20:42:38,709 tasks Ошибка парсинга времени для привычки ID=1, time='20:41:00': unconverted data remains: :00
INFO 2026-01-14 20:42:38,709 tasks === Завершение задачи send_habit_reminders ===
INFO 2026-01-14 20:42:38,800 tasks === Запуск задачи send_habit_reminders ===
INFO 2026-01-14 20:42:38,801 tasks UTC время: 2026-01-14 17:42:38 UTC
INFO 2026-01-14 20:42:38,801 tasks Локальное время (Europe/Moscow): 2026-01-14 20:42:38 MSK
INFO 2026-01-14 20:42:38,802 tasks Текущее время для сравнения: 20:42
INFO 2026-01-14 20:42:38,987 tasks Найдено привычек в базе: 13
DEBUG 2026-01-14 20:42:38,988 tasks Обработка привычки ID=2, action='Читать книгу', time='20:00:00'
WARNING 2026-01-14 20:42:38,988 tasks Ошибка парсинга времени для привычки ID=2, time='20:00:00': unconverted data remains: :00
DEBUG 2026-01-14 20:42:38,988 tasks Обработка привычки ID=3, action='Зарядка утром', time='08:00:00'
WARNING 2026-01-14 20:42:38,988 tasks Ошибка парсинга времени для привычки ID=3, time='08:00:00': unconverted data remains: :00
DEBUG 2026-01-14 20:42:38,988 tasks Обработка привычки ID=6, action='тренажер английского языка', time='21:00:00'
WARNING 2026-01-14 20:42:38,989 tasks Ошибка парсинга времени для привычки ID=6, time='21:00:00': unconverted data remains: :00
DEBUG 2026-01-14 20:42:38,989 tasks Обработка привычки ID=7, action='уборка дома', time='12:00:00'
WARNING 2026-01-14 20:42:38,989 tasks Ошибка парсинга времени для привычки ID=7, time='12:00:00': unconverted data remains: :00
DEBUG 2026-01-14 20:42:38,989 tasks Обработка привычки ID=8, action='просмотр ленты VK', time='19:00:00'
WARNING 2026-01-14 20:42:38,989 tasks Ошибка парсинга времени для привычки ID=8, time='19:00:00': unconverted data remains: :00
DEBUG 2026-01-14 20:42:38,989 tasks Обработка привычки ID=4, action='Долгий горячий душ', time='23:00:00'
WARNING 2026-01-14 20:42:38,990 tasks Ошибка парсинга времени для привычки ID=4, time='23:00:00': unconverted data remains: :00
DEBUG 2026-01-14 20:42:38,990 tasks Обработка привычки ID=9, action='отжимание 30 раз', time='07:00:00'
WARNING 2026-01-14 20:42:38,990 tasks Ошибка парсинга времени для привычки ID=9, time='07:00:00': unconverted data remains: :00
DEBUG 2026-01-14 20:42:38,990 tasks Обработка привычки ID=5, action='пробежка 2 км', time='19:07'
DEBUG 2026-01-14 20:42:38,990 tasks Привычка ID=5: время парсится как 19:07
DEBUG 2026-01-14 20:42:38,990 tasks Сравнение: habit_time='19:07' vs current_time='20:42'
DEBUG 2026-01-14 20:42:38,990 tasks Время не совпало для привычки ID=5: 19:07 != 20:42
DEBUG 2026-01-14 20:42:38,991 tasks Обработка привычки ID=10, action='Читать', time='17:13:00'
WARNING 2026-01-14 20:42:38,991 tasks Ошибка парсинга времени для привычки ID=10, time='17:13:00': unconverted data remains: :00
DEBUG 2026-01-14 20:42:38,991 tasks Обработка привычки ID=11, action='Читать', time='17:20:00'
WARNING 2026-01-14 20:42:38,991 tasks Ошибка парсинга времени для привычки ID=11, time='17:20:00': unconverted data remains: :00
DEBUG 2026-01-14 20:42:38,991 tasks Обработка привычки ID=12, action='Читать 2', time='20:22:00'
WARNING 2026-01-14 20:42:38,991 tasks Ошибка парсинга времени для привычки ID=12, time='20:22:00': unconverted data remains: :00
DEBUG 2026-01-14 20:42:38,991 tasks Обработка привычки ID=13, action='Читать 3', time='17:22:00'
WARNING 2026-01-14 20:42:38,992 tasks Ошибка парсинга времени для привычки ID=13, time='17:22:00': unconverted data remains: :00
DEBUG 2026-01-14 20:42:38,992 tasks Обработка привычки ID=1, action='читать любимую книгу', time='20:41:00'
WARNING 2026-01-14 20:42:38,992 tasks Ошибка парсинга времени для привычки ID=1, time='20:41:00': unconverted data remains: :00
INFO 2026-01-14 20:42:38,992 tasks === Завершение задачи send_habit_reminders ===
INFO 2026-01-14 20:43:38,777 tasks === Запуск задачи send_habit_reminders ===
INFO 2026-01-14 20:43:38,777 tasks UTC время: 2026-01-14 17:43:38 UTC
INFO 2026-01-14 20:43:38,778 tasks Локальное время (Europe/Moscow): 2026-01-14 20:43:38 MSK
INFO 2026-01-14 20:43:38,778 tasks Текущее время для сравнения: 20:43
INFO 2026-01-14 20:43:38,851 tasks Найдено привычек в базе: 13
DEBUG 2026-01-14 20:43:38,852 tasks Обработка привычки ID=2, action='Читать книгу', time='20:00:00'
WARNING 2026-01-14 20:43:38,852 tasks Ошибка парсинга времени для привычки ID=2, time='20:00:00': unconverted data remains: :00
DEBUG 2026-01-14 20:43:38,853 tasks Обработка привычки ID=3, action='Зарядка утром', time='08:00:00'
WARNING 2026-01-14 20:43:38,853 tasks Ошибка парсинга времени для привычки ID=3, time='08:00:00': unconverted data remains: :00
DEBUG 2026-01-14 20:43:38,853 tasks Обработка привычки ID=6, action='тренажер английского языка', time='21:00:00'
WARNING 2026-01-14 20:43:38,854 tasks Ошибка парсинга времени для привычки ID=6, time='21:00:00': unconverted data remains: :00
DEBUG 2026-01-14 20:43:38,854 tasks Обработка привычки ID=7, action='уборка дома', time='12:00:00'
WARNING 2026-01-14 20:43:38,854 tasks Ошибка парсинга времени для привычки ID=7, time='12:00:00': unconverted data remains: :00
DEBUG 2026-01-14 20:43:38,855 tasks Обработка привычки ID=8, action='просмотр ленты VK', time='19:00:00'
WARNING 2026-01-14 20:43:38,855 tasks Ошибка парсинга времени для привычки ID=8, time='19:00:00': unconverted data remains: :00
DEBUG 2026-01-14 20:43:38,855 tasks Обработка привычки ID=4, action='Долгий горячий душ', time='23:00:00'
WARNING 2026-01-14 20:43:38,855 tasks Ошибка парсинга времени для привычки ID=4, time='23:00:00': unconverted data remains: :00
DEBUG 2026-01-14 20:43:38,856 tasks Обработка привычки ID=9, action='отжимание 30 раз', time='07:00:00'
WARNING 2026-01-14 20:43:38,857 tasks Ошибка парсинга времени для привычки ID=9, time='07:00:00': unconverted data remains: :00
DEBUG 2026-01-14 20:43:38,857 tasks Обработка привычки ID=5, action='пробежка 2 км', time='19:07'
DEBUG 2026-01-14 20:43:38,858 tasks Привычка ID=5: время парсится как 19:07
DEBUG 2026-01-14 20:43:38,858 tasks Сравнение: habit_time='19:07' vs current_time='20:43'
DEBUG 2026-01-14 20:43:38,859 tasks Время не совпало для привычки ID=5: 19:07 != 20:43
DEBUG 2026-01-14 20:43:38,859 tasks Обработка привычки ID=10, action='Читать', time='17:13:00'
WARNING 2026-01-14 20:43:38,860 tasks Ошибка парсинга времени для привычки ID=10, time='17:13:00': unconverted data remains: :00
DEBUG 2026-01-14 20:43:38,860 tasks Обработка привычки ID=11, action='Читать', time='17:20:00'
WARNING 2026-01-14 20:43:38,861 tasks Ошибка парсинга времени для привычки ID=11, time='17:20:00': unconverted data remains: :00
DEBUG 2026-01-14 20:43:38,861 tasks Обработка привычки ID=12, action='Читать 2', time='20:22:00'
WARNING 2026-01-14 20:43:38,862 tasks Ошибка парсинга времени для привычки ID=12, time='20:22:00': unconverted data remains: :00
DEBUG 2026-01-14 20:43:38,862 tasks Обработка привычки ID=13, action='Читать 3', time='17:22:00'
WARNING 2026-01-14 20:43:38,863 tasks Ошибка парсинга времени для привычки ID=13, time='17:22:00': unconverted data remains: :00
DEBUG 2026-01-14 20:43:38,863 tasks Обработка привычки ID=1, action='читать любимую книгу', time='20:41:00'
WARNING 2026-01-14 20:43:38,864 tasks Ошибка парсинга времени для привычки ID=1, time='20:41:00': unconverted data remains: :00
INFO 2026-01-14 20:43:38,864 tasks === Завершение задачи send_habit_reminders ===
INFO 2026-01-14 20:43:38,870 tasks === Запуск задачи send_habit_reminders ===
INFO 2026-01-14 20:43:38,871 tasks UTC время: 2026-01-14 17:43:38 UTC
INFO 2026-01-14 20:43:38,871 tasks Локальное время (Europe/Moscow): 2026-01-14 20:43:38 MSK
INFO 2026-01-14 20:43:38,871 tasks Текущее время для сравнения: 20:43
INFO 2026-01-14 20:43:38,935 tasks Найдено привычек в базе: 13
DEBUG 2026-01-14 20:43:38,936 tasks Обработка привычки ID=2, action='Читать книгу', time='20:00:00'
WARNING 2026-01-14 20:43:38,937 tasks Ошибка парсинга времени для привычки ID=2, time='20:00:00': unconverted data remains: :00
DEBUG 2026-01-14 20:43:38,937 tasks Обработка привычки ID=3, action='Зарядка утром', time='08:00:00'
WARNING 2026-01-14 20:43:38,937 tasks Ошибка парсинга времени для привычки ID=3, time='08:00:00': unconverted data remains: :00
DEBUG 2026-01-14 20:43:38,937 tasks Обработка привычки ID=6, action='тренажер английского языка', time='21:00:00'
WARNING 2026-01-14 20:43:38,938 tasks Ошибка парсинга времени для привычки ID=6, time='21:00:00': unconverted data remains: :00
DEBUG 2026-01-14 20:43:38,938 tasks Обработка привычки ID=7, action='уборка дома', time='12:00:00'
WARNING 2026-01-14 20:43:38,938 tasks Ошибка парсинга времени для привычки ID=7, time='12:00:00': unconverted data remains: :00
DEBUG 2026-01-14 20:43:38,938 tasks Обработка привычки ID=8, action='просмотр ленты VK', time='19:00:00'
WARNING 2026-01-14 20:43:38,939 tasks Ошибка парсинга времени для привычки ID=8, time='19:00:00': unconverted data remains: :00
DEBUG 2026-01-14 20:43:38,939 tasks Обработка привычки ID=4, action='Долгий горячий душ', time='23:00:00'
WARNING 2026-01-14 20:43:38,939 tasks Ошибка парсинга времени для привычки ID=4, time='23:00:00': unconverted data remains: :00
DEBUG 2026-01-14 20:43:38,939 tasks Обработка привычки ID=9, action='отжимание 30 раз', time='07:00:00'
WARNING 2026-01-14 20:43:38,939 tasks Ошибка парсинга времени для привычки ID=9, time='07:00:00': unconverted data remains: :00
DEBUG 2026-01-14 20:43:38,939 tasks Обработка привычки ID=5, action='пробежка 2 км', time='19:07'
DEBUG 2026-01-14 20:43:38,940 tasks Привычка ID=5: время парсится как 19:07
DEBUG 2026-01-14 20:43:38,940 tasks Сравнение: habit_time='19:07' vs current_time='20:43'
DEBUG 2026-01-14 20:43:38,940 tasks Время не совпало для привычки ID=5: 19:07 != 20:43
DEBUG 2026-01-14 20:43:38,940 tasks Обработка привычки ID=10, action='Читать', time='17:13:00'
WARNING 2026-01-14 20:43:38,940 tasks Ошибка парсинга времени для привычки ID=10, time='17:13:00': unconverted data remains: :00
DEBUG 2026-01-14 20:43:38,940 tasks Обработка привычки ID=11, action='Читать', time='17:20:00'
WARNING 2026-01-14 20:43:38,940 tasks Ошибка парсинга времени для привычки ID=11, time='17:20:00': unconverted data remains: :00
DEBUG 2026-01-14 20:43:38,941 tasks Обработка привычки ID=12, action='Читать 2', time='20:22:00'
WARNING 2026-01-14 20:43:38,941 tasks Ошибка парсинга времени для привычки ID=12, time='20:22:00': unconverted data remains: :00
DEBUG 2026-01-14 20:43:38,941 tasks Обработка привычки ID=13, action='Читать 3', time='17:22:00'
WARNING 2026-01-14 20:43:38,941 tasks Ошибка парсинга времени для привычки ID=13, time='17:22:00': unconverted data remains: :00
DEBUG 2026-01-14 20:43:38,941 tasks Обработка привычки ID=1, action='читать любимую книгу', time='20:41:00'
WARNING 2026-01-14 20:43:38,941 tasks Ошибка парсинга времени для привычки ID=1, time='20:41:00': unconverted data remains: :00
INFO 2026-01-14 20:43:38,941 tasks === Завершение задачи send_habit_reminders ===
INFO 2026-01-14 20:44:39,048 tasks === Запуск задачи send_habit_reminders ===
INFO 2026-01-14 20:44:39,048 tasks UTC время: 2026-01-14 17:44:39 UTC
INFO 2026-01-14 20:44:39,049 tasks Локальное время (Europe/Moscow): 2026-01-14 20:44:39 MSK
INFO 2026-01-14 20:44:39,049 tasks Текущее время для сравнения: 20:44
INFO 2026-01-14 20:44:39,129 tasks Найдено привычек в базе: 13
DEBUG 2026-01-14 20:44:39,130 tasks Обработка привычки ID=2, action='Читать книгу', time='20:00:00'
WARNING 2026-01-14 20:44:39,131 tasks Ошибка парсинга времени для привычки ID=2, time='20:00:00': unconverted data remains: :00
DEBUG 2026-01-14 20:44:39,132 tasks Обработка привычки ID=3, action='Зарядка утром', time='08:00:00'
WARNING 2026-01-14 20:44:39,132 tasks Ошибка парсинга времени для привычки ID=3, time='08:00:00': unconverted data remains: :00
DEBUG 2026-01-14 20:44:39,133 tasks Обработка привычки ID=6, action='тренажер английского языка', time='21:00:00'
WARNING 2026-01-14 20:44:39,133 tasks Ошибка парсинга времени для привычки ID=6, time='21:00:00': unconverted data remains: :00
DEBUG 2026-01-14 20:44:39,134 tasks Обработка привычки ID=7, action='уборка дома', time='12:00:00'
WARNING 2026-01-14 20:44:39,134 tasks Ошибка парсинга времени для привычки ID=7, time='12:00:00': unconverted data remains: :00
DEBUG 2026-01-14 20:44:39,134 tasks Обработка привычки ID=8, action='просмотр ленты VK', time='19:00:00'
WARNING 2026-01-14 20:44:39,135 tasks Ошибка парсинга времени для привычки ID=8, time='19:00:00': unconverted data remains: :00
DEBUG 2026-01-14 20:44:39,135 tasks Обработка привычки ID=4, action='Долгий горячий душ', time='23:00:00'
WARNING 2026-01-14 20:44:39,136 tasks Ошибка парсинга времени для привычки ID=4, time='23:00:00': unconverted data remains: :00
DEBUG 2026-01-14 20:44:39,136 tasks Обработка привычки ID=9, action='отжимание 30 раз', time='07:00:00'
WARNING 2026-01-14 20:44:39,136 tasks Ошибка парсинга времени для привычки ID=9, time='07:00:00': unconverted data remains: :00
DEBUG 2026-01-14 20:44:39,136 tasks Обработка привычки ID=5, action='пробежка 2 км', time='19:07'
DEBUG 2026-01-14 20:44:39,136 tasks Привычка ID=5: время парсится как 19:07
DEBUG 2026-01-14 20:44:39,137 tasks Сравнение: habit_time='19:07' vs current_time='20:44'
DEBUG 2026-01-14 20:44:39,137 tasks Время не совпало для привычки ID=5: 19:07 != 20:44
DEBUG 2026-01-14 20:44:39,137 tasks Обработка привычки ID=10, action='Читать', time='17:13:00'
WARNING 2026-01-14 20:44:39,138 tasks Ошибка парсинга времени для привычки ID=10, time='17:13:00': unconverted data remains: :00
DEBUG 2026-01-14 20:44:39,138 tasks Обработка привычки ID=11, action='Читать', time='17:20:00'
WARNING 2026-01-14 20:44:39,138 tasks Ошибка парсинга времени для привычки ID=11, time='17:20:00': unconverted data remains: :00
DEBUG 2026-01-14 20:44:39,138 tasks Обработка привычки ID=12, action='Читать 2', time='20:22:00'
WARNING 2026-01-14 20:44:39,138 tasks Ошибка парсинга времени для привычки ID=12, time='20:22:00': unconverted data remains: :00
DEBUG 2026-01-14 20:44:39,138 tasks Обработка привычки ID=13, action='Читать 3', time='17:22:00'
WARNING 2026-01-14 20:44:39,139 tasks Ошибка парсинга времени для привычки ID=13, time='17:22:00': unconverted data remains: :00
DEBUG 2026-01-14 20:44:39,139 tasks Обработка привычки ID=1, action='читать любимую книгу', time='20:41:00'
WARNING 2026-01-14 20:44:39,139 tasks Ошибка парсинга времени для привычки ID=1, time='20:41:00': unconverted data remains: :00
INFO 2026-01-14 20:44:39,139 tasks === Завершение задачи send_habit_reminders ===
INFO 2026-01-14 20:44:39,146 tasks === Запуск задачи send_habit_reminders ===
INFO 2026-01-14 20:44:39,146 tasks UTC время: 2026-01-14 17:44:39 UTC
INFO 2026-01-14 20:44:39,147 tasks Локальное время (Europe/Moscow): 2026-01-14 20:44:39 MSK
INFO 2026-01-14 20:44:39,148 tasks Текущее время для сравнения: 20:44
INFO 2026-01-14 20:44:39,321 tasks Найдено привычек в базе: 13
DEBUG 2026-01-14 20:44:39,322 tasks Обработка привычки ID=2, action='Читать книгу', time='20:00:00'
WARNING 2026-01-14 20:44:39,323 tasks Ошибка парсинга времени для привычки ID=2, time='20:00:00': unconverted data remains: :00
DEBUG 2026-01-14 20:44:39,323 tasks Обработка привычки ID=3, action='Зарядка утром', time='08:00:00'
WARNING 2026-01-14 20:44:39,323 tasks Ошибка парсинга времени для привычки ID=3, time='08:00:00': unconverted data remains: :00
DEBUG 2026-01-14 20:44:39,323 tasks Обработка привычки ID=6, action='тренажер английского языка', time='21:00:00'
WARNING 2026-01-14 20:44:39,323 tasks Ошибка парсинга времени для привычки ID=6, time='21:00:00': unconverted data remains: :00
DEBUG 2026-01-14 20:44:39,324 tasks Обработка привычки ID=7, action='уборка дома', time='12:00:00'
WARNING 2026-01-14 20:44:39,324 tasks Ошибка парсинга времени для привычки ID=7, time='12:00:00': unconverted data remains: :00
DEBUG 2026-01-14 20:44:39,324 tasks Обработка привычки ID=8, action='просмотр ленты VK', time='19:00:00'
WARNING 2026-01-14 20:44:39,324 tasks Ошибка парсинга времени для привычки ID=8, time='19:00:00': unconverted data remains: :00
DEBUG 2026-01-14 20:44:39,324 tasks Обработка привычки ID=4, action='Долгий горячий душ', time='23:00:00'
WARNING 2026-01-14 20:44:39,325 tasks Ошибка парсинга времени для привычки ID=4, time='23:00:00': unconverted data remains: :00
DEBUG 2026-01-14 20:44:39,325 tasks Обработка привычки ID=9, action='отжимание 30 раз', time='07:00:00'
WARNING 2026-01-14 20:44:39,325 tasks Ошибка парсинга времени для привычки ID=9, time='07:00:00': unconverted data remains: :00
DEBUG 2026-01-14 20:44:39,326 tasks Обработка привычки ID=5, action='пробежка 2 км', time='19:07'
DEBUG 2026-01-14 20:44:39,326 tasks Привычка ID=5: время парсится как 19:07
DEBUG 2026-01-14 20:44:39,327 tasks Сравнение: habit_time='19:07' vs current_time='20:44'
DEBUG 2026-01-14 20:44:39,327 tasks Время не совпало для привычки ID=5: 19:07 != 20:44
DEBUG 2026-01-14 20:44:39,327 tasks Обработка привычки ID=10, action='Читать', time='17:13:00'
WARNING 2026-01-14 20:44:39,327 tasks Ошибка парсинга времени для привычки ID=10, time='17:13:00': unconverted data remains: :00
DEBUG 2026-01-14 20:44:39,328 tasks Обработка привычки ID=11, action='Читать', time='17:20:00'
WARNING 2026-01-14 20:44:39,328 tasks Ошибка парсинга времени для привычки ID=11, time='17:20:00': unconverted data remains: :00
DEBUG 2026-01-14 20:44:39,328 tasks Обработка привычки ID=12, action='Читать 2', time='20:22:00'
WARNING 2026-01-14 20:44:39,328 tasks Ошибка парсинга времени для привычки ID=12, time='20:22:00': unconverted data remains: :00
DEBUG 2026-01-14 20:44:39,329 tasks Обработка привычки ID=13, action='Читать 3', time='17:22:00'
WARNING 2026-01-14 20:44:39,329 tasks Ошибка парсинга времени для привычки ID=13, time='17:22:00': unconverted data remains: :00
DEBUG 2026-01-14 20:44:39,329 tasks Обработка привычки ID=1, action='читать любимую книгу', time='20:41:00'
WARNING 2026-01-14 20:44:39,329 tasks Ошибка парсинга времени для привычки ID=1, time='20:41:00': unconverted data remains: :00
INFO 2026-01-14 20:44:39,329 tasks === Завершение задачи send_habit_reminders ===
INFO 2026-01-14 20:45:39,100 tasks === Запуск задачи send_habit_reminders ===
INFO 2026-01-14 20:45:39,100 tasks UTC время: 2026-01-14 17:45:39 UTC
INFO 2026-01-14 20:45:39,101 tasks Локальное время (Europe/Moscow): 2026-01-14 20:45:39 MSK
INFO 2026-01-14 20:45:39,101 tasks Текущее время для сравнения: 20:45
INFO 2026-01-14 20:45:39,172 tasks Найдено привычек в базе: 13
DEBUG 2026-01-14 20:45:39,174 tasks Обработка привычки ID=2, action='Читать книгу', time='20:00:00'
WARNING 2026-01-14 20:45:39,174 tasks Ошибка парсинга времени для привычки ID=2, time='20:00:00': unconverted data remains: :00
DEBUG 2026-01-14 20:45:39,175 tasks Обработка привычки ID=3, action='Зарядка утром', time='08:00:00'
WARNING 2026-01-14 20:45:39,175 tasks Ошибка парсинга времени для привычки ID=3, time='08:00:00': unconverted data remains: :00
DEBUG 2026-01-14 20:45:39,175 tasks Обработка привычки ID=6, action='тренажер английского языка', time='21:00:00'
WARNING 2026-01-14 20:45:39,175 tasks Ошибка парсинга времени для привычки ID=6, time='21:00:00': unconverted data remains: :00
DEBUG 2026-01-14 20:45:39,176 tasks Обработка привычки ID=7, action='уборка дома', time='12:00:00'
WARNING 2026-01-14 20:45:39,176 tasks Ошибка парсинга времени для привычки ID=7, time='12:00:00': unconverted data remains: :00
DEBUG 2026-01-14 20:45:39,176 tasks Обработка привычки ID=8, action='просмотр ленты VK', time='19:00:00'
WARNING 2026-01-14 20:45:39,176 tasks Ошибка парсинга времени для привычки ID=8, time='19:00:00': unconverted data remains: :00
DEBUG 2026-01-14 20:45:39,177 tasks Обработка привычки ID=4, action='Долгий горячий душ', time='23:00:00'
WARNING 2026-01-14 20:45:39,177 tasks Ошибка парсинга времени для привычки ID=4, time='23:00:00': unconverted data remains: :00
DEBUG 2026-01-14 20:45:39,177 tasks Обработка привычки ID=9, action='отжимание 30 раз', time='07:00:00'
WARNING 2026-01-14 20:45:39,177 tasks Ошибка парсинга времени для привычки ID=9, time='07:00:00': unconverted data remains: :00
DEBUG 2026-01-14 20:45:39,177 tasks Обработка привычки ID=5, action='пробежка 2 км', time='19:07'
DEBUG 2026-01-14 20:45:39,178 tasks Привычка ID=5: время парсится как 19:07
DEBUG 2026-01-14 20:45:39,178 tasks Сравнение: habit_time='19:07' vs current_time='20:45'
DEBUG 2026-01-14 20:45:39,178 tasks Время не совпало для привычки ID=5: 19:07 != 20:45
DEBUG 2026-01-14 20:45:39,178 tasks Обработка привычки ID=10, action='Читать', time='17:13:00'
WARNING 2026-01-14 20:45:39,178 tasks Ошибка парсинга времени для привычки ID=10, time='17:13:00': unconverted data remains: :00
DEBUG 2026-01-14 20:45:39,178 tasks Обработка привычки ID=11, action='Читать', time='17:20:00'
WARNING 2026-01-14 20:45:39,178 tasks Ошибка парсинга времени для привычки ID=11, time='17:20:00': unconverted data remains: :00
DEBUG 2026-01-14 20:45:39,179 tasks Обработка привычки ID=12, action='Читать 2', time='20:22:00'
WARNING 2026-01-14 20:45:39,179 tasks Ошибка парсинга времени для привычки ID=12, time='20:22:00': unconverted data remains: :00
DEBUG 2026-01-14 20:45:39,179 tasks Обработка привычки ID=13, action='Читать 3', time='17:22:00'
WARNING 2026-01-14 20:45:39,179 tasks Ошибка парсинга времени для привычки ID=13, time='17:22:00': unconverted data remains: :00
DEBUG 2026-01-14 20:45:39,179 tasks Обработка привычки ID=1, action='читать любимую книгу', time='20:41:00'
WARNING 2026-01-14 20:45:39,179 tasks Ошибка парсинга времени для привычки ID=1, time='20:41:00': unconverted data remains: :00
INFO 2026-01-14 20:45:39,180 tasks === Завершение задачи send_habit_reminders ===
INFO 2026-01-14 20:45:39,188 tasks === Запуск задачи send_habit_reminders ===
INFO 2026-01-14 20:45:39,189 tasks UTC время: 2026-01-14 17:45:39 UTC
INFO 2026-01-14 20:45:39,189 tasks Локальное время (Europe/Moscow): 2026-01-14 20:45:39 MSK
INFO 2026-01-14 20:45:39,189 tasks Текущее время для сравнения: 20:45
INFO 2026-01-14 20:45:39,252 tasks Найдено привычек в базе: 13
DEBUG 2026-01-14 20:45:39,254 tasks Обработка привычки ID=2, action='Читать книгу', time='20:00:00'
WARNING 2026-01-14 20:45:39,255 tasks Ошибка парсинга времени для привычки ID=2, time='20:00:00': unconverted data remains: :00
DEBUG 2026-01-14 20:45:39,255 tasks Обработка привычки ID=3, action='Зарядка утром', time='08:00:00'
WARNING 2026-01-14 20:45:39,255 tasks Ошибка парсинга времени для привычки ID=3, time='08:00:00': unconverted data remains: :00
DEBUG 2026-01-14 20:45:39,256 tasks Обработка привычки ID=6, action='тренажер английского языка', time='21:00:00'
WARNING 2026-01-14 20:45:39,256 tasks Ошибка парсинга времени для привычки ID=6, time='21:00:00': unconverted data remains: :00
DEBUG 2026-01-14 20:45:39,256 tasks Обработка привычки ID=7, action='уборка дома', time='12:00:00'
WARNING 2026-01-14 20:45:39,256 tasks Ошибка парсинга времени для привычки ID=7, time='12:00:00': unconverted data remains: :00
DEBUG 2026-01-14 20:45:39,256 tasks Обработка привычки ID=8, action='просмотр ленты VK', time='19:00:00'
WARNING 2026-01-14 20:45:39,257 tasks Ошибка парсинга времени для привычки ID=8, time='19:00:00': unconverted data remains: :00
DEBUG 2026-01-14 20:45:39,257 tasks Обработка привычки ID=4, action='Долгий горячий душ', time='23:00:00'
WARNING 2026-01-14 20:45:39,257 tasks Ошибка парсинга времени для привычки ID=4, time='23:00:00': unconverted data remains: :00
DEBUG 2026-01-14 20:45:39,257 tasks Обработка привычки ID=9, action='отжимание 30 раз', time='07:00:00'
WARNING 2026-01-14 20:45:39,258 tasks Ошибка парсинга времени для привычки ID=9, time='07:00:00': unconverted data remains: :00
DEBUG 2026-01-14 20:45:39,258 tasks Обработка привычки ID=5, action='пробежка 2 км', time='19:07'
DEBUG 2026-01-14 20:45:39,258 tasks Привычка ID=5: время парсится как 19:07
DEBUG 2026-01-14 20:45:39,258 tasks Сравнение: habit_time='19:07' vs current_time='20:45'
DEBUG 2026-01-14 20:45:39,259 tasks Время не совпало для привычки ID=5: 19:07 != 20:45
DEBUG 2026-01-14 20:45:39,259 tasks Обработка привычки ID=10, action='Читать', time='17:13:00'
WARNING 2026-01-14 20:45:39,259 tasks Ошибка парсинга времени для привычки ID=10, time='17:13:00': unconverted data remains: :00
DEBUG 2026-01-14 20:45:39,260 tasks Обработка привычки ID=11, action='Читать', time='17:20:00'
WARNING 2026-01-14 20:45:39,260 tasks Ошибка парсинга времени для привычки ID=11, time='17:20:00': unconverted data remains: :00
DEBUG 2026-01-14 20:45:39,260 tasks Обработка привычки ID=12, action='Читать 2', time='20:22:00'
WARNING 2026-01-14 20:45:39,260 tasks Ошибка парсинга времени для привычки ID=12, time='20:22:00': unconverted data remains: :00
DEBUG 2026-01-14 20:45:39,260 tasks Обработка привычки ID=13, action='Читать 3', time='17:22:00'
WARNING 2026-01-14 20:45:39,261 tasks Ошибка парсинга времени для привычки ID=13, time='17:22:00': unconverted data remains: :00
DEBUG 2026-01-14 20:45:39,261 tasks Обработка привычки ID=1, action='читать любимую книгу', time='20:41:00'
WARNING 2026-01-14 20:45:39,261 tasks Ошибка парсинга времени для привычки ID=1, time='20:41:00': unconverted data remains: :00
INFO 2026-01-14 20:45:39,261 tasks === Завершение задачи send_habit_reminders ===
INFO 2026-02-03 17:19:37,678 tasks === Р—Р°РїСѓСЃРє Р·Р°РґР°С‡Рё send_habit_reminders ===
INFO 2026-02-03 17:19:37,679 tasks UTC РІСЂРµРјСЏ: 2026-02-03 14:19:37 UTC
INFO 2026-02-03 17:19:37,680 tasks Р›РѕРєР°Р»СЊРЅРѕРµ РІСЂРµРјСЏ (Europe/Moscow): 2026-02-03 17:19:37 MSK
INFO 2026-02-03 17:19:37,681 tasks РўРµРєСѓС‰РµРµ РІСЂРµРјСЏ РґР»СЏ СЃСЂР°РІРЅРµРЅРёСЏ: 17:19
INFO 2026-02-03 17:20:37,609 tasks === Р—Р°РїСѓСЃРє Р·Р°РґР°С‡Рё send_habit_reminders ===
INFO 2026-02-03 17:20:37,609 tasks UTC РІСЂРµРјСЏ: 2026-02-03 14:20:37 UTC
INFO 2026-02-03 17:20:37,610 tasks Р›РѕРєР°Р»СЊРЅРѕРµ РІСЂРµРјСЏ (Europe/Moscow): 2026-02-03 17:20:37 MSK
INFO 2026-02-03 17:20:37,611 tasks РўРµРєСѓС‰РµРµ РІСЂРµРјСЏ РґР»СЏ СЃСЂР°РІРЅРµРЅРёСЏ: 17:20
INFO 2026-02-03 17:21:37,612 tasks === Р—Р°РїСѓСЃРє Р·Р°РґР°С‡Рё send_habit_reminders ===
INFO 2026-02-03 17:21:37,613 tasks UTC РІСЂРµРјСЏ: 2026-02-03 14:21:37 UTC
INFO 2026-02-03 17:21:37,613 tasks Р›РѕРєР°Р»СЊРЅРѕРµ РІСЂРµРјСЏ (Europe/Moscow): 2026-02-03 17:21:37 MSK
INFO 2026-02-03 17:21:37,614 tasks РўРµРєСѓС‰РµРµ РІСЂРµРјСЏ РґР»СЏ СЃСЂР°РІРЅРµРЅРёСЏ: 17:21
INFO 2026-02-03 17:22:37,615 tasks === Р—Р°РїСѓСЃРє Р·Р°РґР°С‡Рё send_habit_reminders ===
INFO 2026-02-03 17:22:37,616 tasks UTC РІСЂРµРјСЏ: 2026-02-03 14:22:37 UTC
INFO 2026-02-03 17:22:37,616 tasks Р›РѕРєР°Р»СЊРЅРѕРµ РІСЂРµРјСЏ (Europe/Moscow): 2026-02-03 17:22:37 MSK
INFO 2026-02-03 17:22:37,617 tasks РўРµРєСѓС‰РµРµ РІСЂРµРјСЏ РґР»СЏ СЃСЂР°РІРЅРµРЅРёСЏ: 17:22
INFO 2026-02-03 21:27:23,305 tasks === Р—Р°РїСѓСЃРє Р·Р°РґР°С‡Рё send_habit_reminders ===
INFO 2026-02-03 21:27:23,324 tasks UTC РІСЂРµРјСЏ: 2026-02-03 18:27:23 UTC
INFO 2026-02-03 21:27:23,327 tasks Р›РѕРєР°Р»СЊРЅРѕРµ РІСЂРµРјСЏ (Europe/Moscow): 2026-02-03 21:27:23 MSK
INFO 2026-02-03 21:27:23,329 tasks РўРµРєСѓС‰РµРµ РІСЂРµРјСЏ РґР»СЏ СЃСЂР°РІРЅРµРЅРёСЏ: 21:27
INFO 2026-02-03 21:28:22,486 tasks === Р—Р°РїСѓСЃРє Р·Р°РґР°С‡Рё send_habit_reminders ===
INFO 2026-02-03 21:28:22,488 tasks UTC РІСЂРµРјСЏ: 2026-02-03 18:28:22 UTC
INFO 2026-02-03 21:28:22,489 tasks Р›РѕРєР°Р»СЊРЅРѕРµ РІСЂРµРјСЏ (Europe/Moscow): 2026-02-03 21:28:22 MSK
INFO 2026-02-03 21:28:22,490 tasks РўРµРєСѓС‰РµРµ РІСЂРµРјСЏ РґР»СЏ СЃСЂР°РІРЅРµРЅРёСЏ: 21:28
INFO 2026-02-03 21:29:22,518 tasks === Р—Р°РїСѓСЃРє Р·Р°РґР°С‡Рё send_habit_reminders ===
INFO 2026-02-03 21:29:22,520 tasks UTC РІСЂРµРјСЏ: 2026-02-03 18:29:22 UTC
INFO 2026-02-03 21:29:22,520 tasks Р›РѕРєР°Р»СЊРЅРѕРµ РІСЂРµРјСЏ (Europe/Moscow): 2026-02-03 21:29:22 MSK
INFO 2026-02-03 21:29:22,521 tasks РўРµРєСѓС‰РµРµ РІСЂРµРјСЏ РґР»СЏ СЃСЂР°РІРЅРµРЅРёСЏ: 21:29
INFO 2026-02-03 21:30:22,529 tasks === Р—Р°РїСѓСЃРє Р·Р°РґР°С‡Рё send_habit_reminders ===
INFO 2026-02-03 21:30:22,536 tasks UTC РІСЂРµРјСЏ: 2026-02-03 18:30:22 UTC
INFO 2026-02-03 21:30:22,537 tasks Р›РѕРєР°Р»СЊРЅРѕРµ РІСЂРµРјСЏ (Europe/Moscow): 2026-02-03 21:30:22 MSK
INFO 2026-02-03 21:30:22,538 tasks РўРµРєСѓС‰РµРµ РІСЂРµРјСЏ РґР»СЏ СЃСЂР°РІРЅРµРЅРёСЏ: 21:30
INFO 2026-02-03 21:31:22,730 tasks === Р—Р°РїСѓСЃРє Р·Р°РґР°С‡Рё send_habit_reminders ===
INFO 2026-02-03 21:31:22,731 tasks UTC РІСЂРµРјСЏ: 2026-02-03 18:31:22 UTC
INFO 2026-02-03 21:31:22,735 tasks Р›РѕРєР°Р»СЊРЅРѕРµ РІСЂРµРјСЏ (Europe/Moscow): 2026-02-03 21:31:22 MSK
INFO 2026-02-03 21:31:22,737 tasks РўРµРєСѓС‰РµРµ РІСЂРµРјСЏ РґР»СЏ СЃСЂР°РІРЅРµРЅРёСЏ: 21:31
INFO 2026-02-03 21:32:22,751 tasks === Р—Р°РїСѓСЃРє Р·Р°РґР°С‡Рё send_habit_reminders ===
INFO 2026-02-03 21:32:22,752 tasks UTC РІСЂРµРјСЏ: 2026-02-03 18:32:22 UTC
INFO 2026-02-03 21:32:22,754 tasks Р›РѕРєР°Р»СЊРЅРѕРµ РІСЂРµРјСЏ (Europe/Moscow): 2026-02-03 21:32:22 MSK
INFO 2026-02-03 21:32:22,755 tasks РўРµРєСѓС‰РµРµ РІСЂРµРјСЏ РґР»СЏ СЃСЂР°РІРЅРµРЅРёСЏ: 21:32
INFO 2026-02-03 21:33:22,781 tasks === Р—Р°РїСѓСЃРє Р·Р°РґР°С‡Рё send_habit_reminders ===
INFO 2026-02-03 21:33:22,784 tasks UTC РІСЂРµРјСЏ: 2026-02-03 18:33:22 UTC
INFO 2026-02-03 21:33:22,786 tasks Р›РѕРєР°Р»СЊРЅРѕРµ РІСЂРµРјСЏ (Europe/Moscow): 2026-02-03 21:33:22 MSK
INFO 2026-02-03 21:33:22,787 tasks РўРµРєСѓС‰РµРµ РІСЂРµРјСЏ РґР»СЏ СЃСЂР°РІРЅРµРЅРёСЏ: 21:33
INFO 2026-02-03 21:34:22,791 tasks === Р—Р°РїСѓСЃРє Р·Р°РґР°С‡Рё send_habit_reminders ===
INFO 2026-02-03 21:34:22,793 tasks UTC РІСЂРµРјСЏ: 2026-02-03 18:34:22 UTC
INFO 2026-02-03 21:34:22,795 tasks Р›РѕРєР°Р»СЊРЅРѕРµ РІСЂРµРјСЏ (Europe/Moscow): 2026-02-03 21:34:22 MSK
INFO 2026-02-03 21:34:22,796 tasks РўРµРєСѓС‰РµРµ РІСЂРµРјСЏ РґР»СЏ СЃСЂР°РІРЅРµРЅРёСЏ: 21:34
INFO 2026-02-03 21:35:22,835 tasks === Р—Р°РїСѓСЃРє Р·Р°РґР°С‡Рё send_habit_reminders ===
INFO 2026-02-03 21:35:22,838 tasks UTC РІСЂРµРјСЏ: 2026-02-03 18:35:22 UTC
INFO 2026-02-03 21:35:22,840 tasks Р›РѕРєР°Р»СЊРЅРѕРµ РІСЂРµРјСЏ (Europe/Moscow): 2026-02-03 21:35:22 MSK
INFO 2026-02-03 21:35:22,842 tasks РўРµРєСѓС‰РµРµ РІСЂРµРјСЏ РґР»СЏ СЃСЂР°РІРЅРµРЅРёСЏ: 21:35
INFO 2026-02-03 21:36:22,981 tasks === Р—Р°РїСѓСЃРє Р·Р°РґР°С‡Рё send_habit_reminders ===
INFO 2026-02-03 21:36:22,984 tasks UTC РІСЂРµРјСЏ: 2026-02-03 18:36:22 UTC
INFO 2026-02-03 21:36:22,984 tasks Р›РѕРєР°Р»СЊРЅРѕРµ РІСЂРµРјСЏ (Europe/Moscow): 2026-02-03 21:36:22 MSK
INFO 2026-02-03 21:36:22,985 tasks РўРµРєСѓС‰РµРµ РІСЂРµРјСЏ РґР»СЏ СЃСЂР°РІРЅРµРЅРёСЏ: 21:36
INFO 2026-02-03 21:37:23,016 tasks === Р—Р°РїСѓСЃРє Р·Р°РґР°С‡Рё send_habit_reminders ===
INFO 2026-02-03 21:37:23,018 tasks UTC РІСЂРµРјСЏ: 2026-02-03 18:37:23 UTC
INFO 2026-02-03 21:37:23,019 tasks Р›РѕРєР°Р»СЊРЅРѕРµ РІСЂРµРјСЏ (Europe/Moscow): 2026-02-03 21:37:23 MSK
INFO 2026-02-03 21:37:23,021 tasks РўРµРєСѓС‰РµРµ РІСЂРµРјСЏ РґР»СЏ СЃСЂР°РІРЅРµРЅРёСЏ: 21:37
INFO 2026-02-03 21:38:23,041 tasks === Р—Р°РїСѓСЃРє Р·Р°РґР°С‡Рё send_habit_reminders ===
INFO 2026-02-03 21:38:23,043 tasks UTC РІСЂРµРјСЏ: 2026-02-03 18:38:23 UTC
INFO 2026-02-03 21:38:23,046 tasks Р›РѕРєР°Р»СЊРЅРѕРµ РІСЂРµРјСЏ (Europe/Moscow): 2026-02-03 21:38:23 MSK
INFO 2026-02-03 21:38:23,047 tasks РўРµРєСѓС‰РµРµ РІСЂРµРјСЏ РґР»СЏ СЃСЂР°РІРЅРµРЅРёСЏ: 21:38
INFO 2026-02-03 21:39:23,053 tasks === Р—Р°РїСѓСЃРє Р·Р°РґР°С‡Рё send_habit_reminders ===
INFO 2026-02-03 21:39:23,056 tasks UTC РІСЂРµРјСЏ: 2026-02-03 18:39:23 UTC
INFO 2026-02-03 21:39:23,057 tasks Р›РѕРєР°Р»СЊРЅРѕРµ РІСЂРµРјСЏ (Europe/Moscow): 2026-02-03 21:39:23 MSK
INFO 2026-02-03 21:39:23,058 tasks РўРµРєСѓС‰РµРµ РІСЂРµРјСЏ РґР»СЏ СЃСЂР°РІРЅРµРЅРёСЏ: 21:39
INFO 2026-02-03 21:40:23,073 tasks === Р—Р°РїСѓСЃРє Р·Р°РґР°С‡Рё send_habit_reminders ===
INFO 2026-02-03 21:40:23,075 tasks UTC РІСЂРµРјСЏ: 2026-02-03 18:40:23 UTC
INFO 2026-02-03 21:40:23,076 tasks Р›РѕРєР°Р»СЊРЅРѕРµ РІСЂРµРјСЏ (Europe/Moscow): 2026-02-03 21:40:23 MSK
INFO 2026-02-03 21:40:23,077 tasks РўРµРєСѓС‰РµРµ РІСЂРµРјСЏ РґР»СЏ СЃСЂР°РІРЅРµРЅРёСЏ: 21:40
INFO 2026-02-03 21:41:23,217 tasks === Р—Р°РїСѓСЃРє Р·Р°РґР°С‡Рё send_habit_reminders ===
INFO 2026-02-03 21:41:23,218 tasks UTC РІСЂРµРјСЏ: 2026-02-03 18:41:23 UTC
INFO 2026-02-03 21:41:23,220 tasks Р›РѕРєР°Р»СЊРЅРѕРµ РІСЂРµРјСЏ (Europe/Moscow): 2026-02-03 21:41:23 MSK
INFO 2026-02-03 21:41:23,221 tasks РўРµРєСѓС‰РµРµ РІСЂРµРјСЏ РґР»СЏ СЃСЂР°РІРЅРµРЅРёСЏ: 21:41
INFO 2026-02-03 21:42:23,231 tasks === Р—Р°РїСѓСЃРє Р·Р°РґР°С‡Рё send_habit_reminders ===
INFO 2026-02-03 21:42:23,234 tasks UTC РІСЂРµРјСЏ: 2026-02-03 18:42:23 UTC
INFO 2026-02-03 21:42:23,237 tasks Р›РѕРєР°Р»СЊРЅРѕРµ РІСЂРµРјСЏ (Europe/Moscow): 2026-02-03 21:42:23 MSK
INFO 2026-02-03 21:42:23,238 tasks РўРµРєСѓС‰РµРµ РІСЂРµРјСЏ РґР»СЏ СЃСЂР°РІРЅРµРЅРёСЏ: 21:42
INFO 2026-02-03 21:43:23,248 tasks === Р—Р°РїСѓСЃРє Р·Р°РґР°С‡Рё send_habit_reminders ===
INFO 2026-02-03 21:43:23,249 tasks UTC РІСЂРµРјСЏ: 2026-02-03 18:43:23 UTC
INFO 2026-02-03 21:43:23,251 tasks Р›РѕРєР°Р»СЊРЅРѕРµ РІСЂРµРјСЏ (Europe/Moscow): 2026-02-03 21:43:23 MSK
INFO 2026-02-03 21:43:23,255 tasks РўРµРєСѓС‰РµРµ РІСЂРµРјСЏ РґР»СЏ СЃСЂР°РІРЅРµРЅРёСЏ: 21:43
INFO 2026-02-03 21:44:23,261 tasks === Р—Р°РїСѓСЃРє Р·Р°РґР°С‡Рё send_habit_reminders ===
INFO 2026-02-03 21:44:23,262 tasks UTC РІСЂРµРјСЏ: 2026-02-03 18:44:23 UTC
INFO 2026-02-03 21:44:23,263 tasks Р›РѕРєР°Р»СЊРЅРѕРµ РІСЂРµРјСЏ (Europe/Moscow): 2026-02-03 21:44:23 MSK
INFO 2026-02-03 21:44:23,264 tasks РўРµРєСѓС‰РµРµ РІСЂРµРјСЏ РґР»СЏ СЃСЂР°РІРЅРµРЅРёСЏ: 21:44
INFO 2026-02-03 21:45:23,298 tasks === Р—Р°РїСѓСЃРє Р·Р°РґР°С‡Рё send_habit_reminders ===
INFO 2026-02-03 21:45:23,300 tasks UTC РІСЂРµРјСЏ: 2026-02-03 18:45:23 UTC
INFO 2026-02-03 21:45:23,303 tasks Р›РѕРєР°Р»СЊРЅРѕРµ РІСЂРµРјСЏ (Europe/Moscow): 2026-02-03 21:45:23 MSK
INFO 2026-02-03 21:45:23,310 tasks РўРµРєСѓС‰РµРµ РІСЂРµРјСЏ РґР»СЏ СЃСЂР°РІРЅРµРЅРёСЏ: 21:45
INFO 2026-02-03 21:46:23,502 tasks === Р—Р°РїСѓСЃРє Р·Р°РґР°С‡Рё send_habit_reminders ===
INFO 2026-02-03 21:46:23,503 tasks UTC РІСЂРµРјСЏ: 2026-02-03 18:46:23 UTC
INFO 2026-02-03 21:46:23,505 tasks Р›РѕРєР°Р»СЊРЅРѕРµ РІСЂРµРјСЏ (Europe/Moscow): 2026-02-03 21:46:23 MSK
INFO 2026-02-03 21:46:23,509 tasks РўРµРєСѓС‰РµРµ РІСЂРµРјСЏ РґР»СЏ СЃСЂР°РІРЅРµРЅРёСЏ: 21:46
INFO 2026-02-03 21:47:23,542 tasks === Р—Р°РїСѓСЃРє Р·Р°РґР°С‡Рё send_habit_reminders ===
INFO 2026-02-03 21:47:23,543 tasks UTC РІСЂРµРјСЏ: 2026-02-03 18:47:23 UTC
INFO 2026-02-03 21:47:23,545 tasks Р›РѕРєР°Р»СЊРЅРѕРµ РІСЂРµРјСЏ (Europe/Moscow): 2026-02-03 21:47:23 MSK
INFO 2026-02-03 21:47:23,545 tasks РўРµРєСѓС‰РµРµ РІСЂРµРјСЏ РґР»СЏ СЃСЂР°РІРЅРµРЅРёСЏ: 21:47
INFO 2026-02-03 21:48:23,567 tasks === Р—Р°РїСѓСЃРє Р·Р°РґР°С‡Рё send_habit_reminders ===
INFO 2026-02-03 21:48:23,568 tasks UTC РІСЂРµРјСЏ: 2026-02-03 18:48:23 UTC
INFO 2026-02-03 21:48:23,570 tasks Р›РѕРєР°Р»СЊРЅРѕРµ РІСЂРµРјСЏ (Europe/Moscow): 2026-02-03 21:48:23 MSK
INFO 2026-02-03 21:48:23,571 tasks РўРµРєСѓС‰РµРµ РІСЂРµРјСЏ РґР»СЏ СЃСЂР°РІРЅРµРЅРёСЏ: 21:48
INFO 2026-02-03 21:49:23,581 tasks === Р—Р°РїСѓСЃРє Р·Р°РґР°С‡Рё send_habit_reminders ===
INFO 2026-02-03 21:49:23,584 tasks UTC РІСЂРµРјСЏ: 2026-02-03 18:49:23 UTC
INFO 2026-02-03 21:49:23,585 tasks Р›РѕРєР°Р»СЊРЅРѕРµ РІСЂРµРјСЏ (Europe/Moscow): 2026-02-03 21:49:23 MSK
INFO 2026-02-03 21:49:23,586 tasks РўРµРєСѓС‰РµРµ РІСЂРµРјСЏ РґР»СЏ СЃСЂР°РІРЅРµРЅРёСЏ: 21:49
INFO 2026-02-03 22:07:50,163 tasks === Р—Р°РїСѓСЃРє Р·Р°РґР°С‡Рё send_habit_reminders ===
INFO 2026-02-03 22:07:50,165 tasks UTC РІСЂРµРјСЏ: 2026-02-03 19:07:50 UTC
INFO 2026-02-03 22:07:50,165 tasks Р›РѕРєР°Р»СЊРЅРѕРµ РІСЂРµРјСЏ (Europe/Moscow): 2026-02-03 22:07:50 MSK
INFO 2026-02-03 22:07:50,166 tasks РўРµРєСѓС‰РµРµ РІСЂРµРјСЏ РґР»СЏ СЃСЂР°РІРЅРµРЅРёСЏ: 22:07
INFO 2026-02-03 22:08:50,104 tasks === Р—Р°РїСѓСЃРє Р·Р°РґР°С‡Рё send_habit_reminders ===
INFO 2026-02-03 22:08:50,105 tasks UTC РІСЂРµРјСЏ: 2026-02-03 19:08:50 UTC
INFO 2026-02-03 22:08:50,107 tasks Р›РѕРєР°Р»СЊРЅРѕРµ РІСЂРµРјСЏ (Europe/Moscow): 2026-02-03 22:08:50 MSK
INFO 2026-02-03 22:08:50,108 tasks РўРµРєСѓС‰РµРµ РІСЂРµРјСЏ РґР»СЏ СЃСЂР°РІРЅРµРЅРёСЏ: 22:08
INFO 2026-02-03 22:09:50,108 tasks === Р—Р°РїСѓСЃРє Р·Р°РґР°С‡Рё send_habit_reminders ===
INFO 2026-02-03 22:09:50,109 tasks UTC РІСЂРµРјСЏ: 2026-02-03 19:09:50 UTC
INFO 2026-02-03 22:09:50,109 tasks Р›РѕРєР°Р»СЊРЅРѕРµ РІСЂРµРјСЏ (Europe/Moscow): 2026-02-03 22:09:50 MSK
INFO 2026-02-03 22:09:50,110 tasks РўРµРєСѓС‰РµРµ РІСЂРµРјСЏ РґР»СЏ СЃСЂР°РІРЅРµРЅРёСЏ: 22:09
INFO 2026-02-03 22:10:50,123 tasks === Р—Р°РїСѓСЃРє Р·Р°РґР°С‡Рё send_habit_reminders ===
INFO 2026-02-03 22:10:50,124 tasks UTC РІСЂРµРјСЏ: 2026-02-03 19:10:50 UTC
INFO 2026-02-03 22:10:50,125 tasks Р›РѕРєР°Р»СЊРЅРѕРµ РІСЂРµРјСЏ (Europe/Moscow): 2026-02-03 22:10:50 MSK
INFO 2026-02-03 22:10:50,126 tasks РўРµРєСѓС‰РµРµ РІСЂРµРјСЏ РґР»СЏ СЃСЂР°РІРЅРµРЅРёСЏ: 22:10
INFO 2026-02-03 22:14:51,478 tasks === Р—Р°РїСѓСЃРє Р·Р°РґР°С‡Рё send_habit_reminders ===
INFO 2026-02-03 22:14:51,488 tasks UTC РІСЂРµРјСЏ: 2026-02-03 19:14:51 UTC
INFO 2026-02-03 22:14:51,489 tasks Р›РѕРєР°Р»СЊРЅРѕРµ РІСЂРµРјСЏ (Europe/Moscow): 2026-02-03 22:14:51 MSK
INFO 2026-02-03 22:14:51,491 tasks РўРµРєСѓС‰РµРµ РІСЂРµРјСЏ РґР»СЏ СЃСЂР°РІРЅРµРЅРёСЏ: 22:14
INFO 2026-02-03 22:14:51,591 tasks РќР°Р№РґРµРЅРѕ РїСЂРёРІС‹С‡РµРє РІ Р±Р°Р·Рµ: 0
INFO 2026-02-03 22:14:51,594 tasks === Р—Р°РІРµСЂС€РµРЅРёРµ Р·Р°РґР°С‡Рё send_habit_reminders ===
INFO 2026-02-03 22:15:50,902 tasks === Р—Р°РїСѓСЃРє Р·Р°РґР°С‡Рё send_habit_reminders ===
INFO 2026-02-03 22:15:50,903 tasks UTC РІСЂРµРјСЏ: 2026-02-03 19:15:50 UTC
INFO 2026-02-03 22:15:50,903 tasks Р›РѕРєР°Р»СЊРЅРѕРµ РІСЂРµРјСЏ (Europe/Moscow): 2026-02-03 22:15:50 MSK
INFO 2026-02-03 22:15:50,904 tasks РўРµРєСѓС‰РµРµ РІСЂРµРјСЏ РґР»СЏ СЃСЂР°РІРЅРµРЅРёСЏ: 22:15
INFO 2026-02-03 22:15:50,920 tasks РќР°Р№РґРµРЅРѕ РїСЂРёРІС‹С‡РµРє РІ Р±Р°Р·Рµ: 0
INFO 2026-02-03 22:15:50,922 tasks === Р—Р°РІРµСЂС€РµРЅРёРµ Р·Р°РґР°С‡Рё send_habit_reminders ===
